{"name":"558a27fc-5be4-499f-97e9-9907a6cfb626","id":"/providers/Microsoft.Flow/flows/558a27fc-5be4-499f-97e9-9907a6cfb626","type":"Microsoft.Flow/flows","properties":{"apiId":"/providers/Microsoft.PowerApps/apis/shared_logicflows","displayName":"Copy of - Valoracion 360 - Respuesta del lider inmediato","definition":{"metadata":{"workflowEntityId":null,"processAdvisorMetadata":null,"flowChargedByPaygo":null,"flowclientsuspensionreason":"None","flowclientsuspensiontime":null,"flowclientsuspensionreasondetails":null,"creator":{"id":"cf999034-e3c2-41fe-a9b6-90ef2e3f5c48","type":"User","tenantId":"d6a2ecba-dd2a-4f0c-a632-6798e31995bb"},"provisioningMethod":"FromDefinition","failureAlertSubscription":true,"clientLastModifiedTime":"2024-07-26T21:10:21.3682519Z","connectionKeySavedTimeKey":"2024-07-26T21:10:21.3682519Z"},"$schema":"https://schema.management.azure.com/providers/Microsoft.Logic/schemas/2016-06-01/workflowdefinition.json#","contentVersion":"1.0.0.0","parameters":{"$connections":{"defaultValue":{},"type":"Object"},"$authentication":{"defaultValue":{},"type":"SecureObject"}},"triggers":{"Cuando_se_envía_una_respuesta_nueva":{"splitOn":"@triggerOutputs()?['body/value']","metadata":{"operationMetadataId":"8e9fe214-4814-42da-a8d8-6cfb89294b6c"},"type":"OpenApiConnectionWebhook","inputs":{"host":{"apiId":"/providers/Microsoft.PowerApps/apis/shared_microsoftforms","connectionName":"shared_microsoftforms","operationId":"CreateFormWebhook"},"parameters":{"form_id":"uuyi1irdDE-mMmeY4xmVu2T18zblSw1KvG8O_qAt4wlUMjNWTE5IWUhNMDk1WU41Uzg0QVhBU1Q0VC4u"},"authentication":"@parameters('$authentication')"}}},"actions":{"Obtener_los_detalles_de_la_respuesta_Lider":{"runAfter":{},"metadata":{"operationMetadataId":"f125ad99-6927-4a61-9473-9beb5542279b"},"type":"OpenApiConnection","inputs":{"host":{"apiId":"/providers/Microsoft.PowerApps/apis/shared_microsoftforms","connectionName":"shared_microsoftforms","operationId":"GetFormResponseById"},"parameters":{"form_id":"uuyi1irdDE-mMmeY4xmVu2T18zblSw1KvG8O_qAt4wlUMjNWTE5IWUhNMDk1WU41Uzg0QVhBU1Q0VC4u","response_id":"@triggerOutputs()?['body/resourceData/responseId']"},"authentication":"@parameters('$authentication')"}},"Condición":{"actions":{"Actualizar_tabla_postulante_con_información_del_Líder_No_Aprobado":{"runAfter":{},"metadata":{"01ER4TYAYFJOIHYAIPSFAYZQDNEVCLIJHZ":"/Valoracion 360/Seleccion MVP - Plan Talento/Plan_Talento.xlsx","operationMetadataId":"56afdf86-fbb7-4be5-a611-219663805152","tableId":"{00000000-000C-0000-FFFF-FFFF00000000}","01ER4TYA5ETMUQPIWPDZALINZAUZPZ56M3":"/Valoracion 360/Seleccion MVP - Plan Talento/Plan_Talento.xlsx","01ER4TYA5GTMVOOEDJB5FJORG4S7ZP7Z3D":"/Valoracion 360/Seleccion MVP - Plan Talento/Plan_Talento.xlsx","01ER4TYA4V5EBHATQNOBAKBUUANV4QUYBB":"/Valoracion 360/Seleccion MVP - Plan Talento/Plan_Talento-Copia.xlsx","01ER4TYA4U4JRYT7NWN5G3O3OS53NLV2RK":"/Valoracion 360/Seleccion MVP - Plan Talento/Plan_Talento.xlsx"},"type":"OpenApiConnection","inputs":{"host":{"apiId":"/providers/Microsoft.PowerApps/apis/shared_excelonlinebusiness","connectionName":"shared_excelonlinebusiness_2","operationId":"PatchItem"},"parameters":{"source":"me","drive":"b!214-VVQAF0KOwwCog90bNCVotCkVLNtGtS0t9CuNf3krnXfdbYLbSoWI_5AmPGqE","file":"01ER4TYA4U4JRYT7NWN5G3O3OS53NLV2RK","table":"{00000000-000C-0000-FFFF-FFFF00000000}","idColumn":"Id","id":"@outputs('Obtener_los_detalles_de_la_respuesta_Lider')?['body/r0ec796bac2e14d308aa9a4a58d0e9c65']","item/Nombre del lider actual":"@outputs('Obtener_los_detalles_de_la_respuesta_Lider')?['body/rf361bbf99eba49618c7292ac5b037fee']","item/Concepto del Lider":"@outputs('Obtener_los_detalles_de_la_respuesta_Lider')?['body/r1a3d9fa27c61458d9db3776d5013eccb']","item/Comentario del Líder inmediato":"@outputs('Obtener_los_detalles_de_la_respuesta_Lider')?['body/r967f3945a12a4250a0deb2a0c859e95c']"},"authentication":"@parameters('$authentication')"}},"Agregar_postulante_a_tabla_de_No_Aprobados":{"runAfter":{"Actualizar_tabla_postulante_con_información_del_Líder_No_Aprobado":["Succeeded"]},"metadata":{"01WJMIVX4KD6YCBSZBUBFLPULAF73DTGXL":"/Selección MVP - Plan Carrera/PlanCarrera.xlsx","operationMetadataId":"996a33bf-550b-4609-96e6-fc6c61c7ada1","tableId":"{00000000-000C-0000-FFFF-FFFF09000000}","01WJMIVX4TPGAK7A7MA5GLZZBUXNDGWGH2":"/Seleccion MVP - Plan Carrera/PlanCarrera.xlsx","01ER4TYAYFJOIHYAIPSFAYZQDNEVCLIJHZ":"/Valoracion 360/Seleccion MVP - Plan Talento/Plan_Talento.xlsx","01ER4TYA5ETMUQPIWPDZALINZAUZPZ56M3":"/Valoracion 360/Seleccion MVP - Plan Talento/Plan_Talento.xlsx","01ER4TYA5GTMVOOEDJB5FJORG4S7ZP7Z3D":"/Valoracion 360/Seleccion MVP - Plan Talento/Plan_Talento.xlsx","01ER4TYA4V5EBHATQNOBAKBUUANV4QUYBB":"/Valoracion 360/Seleccion MVP - Plan Talento/Plan_Talento-Copia.xlsx","01ER4TYA4U4JRYT7NWN5G3O3OS53NLV2RK":"/Valoracion 360/Seleccion MVP - Plan Talento/Plan_Talento.xlsx"},"type":"OpenApiConnection","inputs":{"host":{"apiId":"/providers/Microsoft.PowerApps/apis/shared_excelonlinebusiness","connectionName":"shared_excelonlinebusiness_2","operationId":"AddRowV2"},"parameters":{"source":"me","drive":"b!214-VVQAF0KOwwCog90bNCVotCkVLNtGtS0t9CuNf3krnXfdbYLbSoWI_5AmPGqE","file":"01ER4TYA4U4JRYT7NWN5G3O3OS53NLV2RK","table":"{00000000-000C-0000-FFFF-FFFF09000000}","item/Fecha":"@variables('FechaActual')","item/Id":"@outputs('Obtener_los_detalles_de_la_respuesta_Lider')?['body/r0ec796bac2e14d308aa9a4a58d0e9c65']","item/Proceso":"@outputs('Obtener_los_detalles_de_la_respuesta_Postulante')?['body/r3f6c5791eed244f88ed72fc9220d8907']","item/Tipo de Documento":"@outputs('Obtener_los_detalles_de_la_respuesta_Postulante')?['body/r4aa0e6fe59784a469828e6aff6f185f1']","item/Documento":"@outputs('Obtener_los_detalles_de_la_respuesta_Postulante')?['body/rf4a2522598294647b10513c8252fa0ba']","item/Nombre de quien solicita":"@outputs('Obtener_los_detalles_de_la_respuesta_Postulante')?['body/rb022713b40c24dd9a71cafe039a37a48']","item/Cargo del solicitante":"@{outputs('Obtener_los_detalles_de_la_respuesta_Postulante')?['body/r83f80becf2a3487690033eb0f90c16c2']}@{outputs('Obtener_los_detalles_de_la_respuesta_Postulante')?['body/r2f957976a8d34356bf9ee566e25b8e4e']}","item/Cargo a solicitar":"@outputs('Obtener_los_detalles_de_la_respuesta_Postulante')?['body/r076ecfc182964937ba5a46cb0720f84b']","item/Correo":"@outputs('Obtener_los_detalles_de_la_respuesta_Postulante')?['body/r786bf1e95ff04143b1148dd14d0eaeb1']","item/Estado":"PENDIENTE"},"authentication":"@parameters('$authentication')"}}},"runAfter":{"Establecer_FechaActual":["Succeeded"]},"else":{"actions":{"Agregar_postulante_a_tabla_de_RL":{"runAfter":{},"metadata":{"01WJMIVX4KD6YCBSZBUBFLPULAF73DTGXL":"/Selección MVP - Plan Carrera/PlanCarrera.xlsx","operationMetadataId":"76cb20b1-6197-4109-b54a-2b59fca457f9","tableId":"{00000000-000C-0000-FFFF-FFFF01000000}","01WJMIVX4TPGAK7A7MA5GLZZBUXNDGWGH2":"/Seleccion MVP - Plan Carrera/PlanCarrera.xlsx","01ER4TYAYFJOIHYAIPSFAYZQDNEVCLIJHZ":"/Valoracion 360/Seleccion MVP - Plan Talento/Plan_Talento.xlsx","01ER4TYA5ETMUQPIWPDZALINZAUZPZ56M3":"/Valoracion 360/Seleccion MVP - Plan Talento/Plan_Talento.xlsx","01ER4TYA5GTMVOOEDJB5FJORG4S7ZP7Z3D":"/Valoracion 360/Seleccion MVP - Plan Talento/Plan_Talento.xlsx","01ER4TYA4V5EBHATQNOBAKBUUANV4QUYBB":"/Valoracion 360/Seleccion MVP - Plan Talento/Plan_Talento-Copia.xlsx","01ER4TYA4U4JRYT7NWN5G3O3OS53NLV2RK":"/Valoracion 360/Seleccion MVP - Plan Talento/Plan_Talento.xlsx"},"type":"OpenApiConnection","inputs":{"host":{"apiId":"/providers/Microsoft.PowerApps/apis/shared_excelonlinebusiness","connectionName":"shared_excelonlinebusiness_2","operationId":"AddRowV2"},"parameters":{"source":"me","drive":"b!214-VVQAF0KOwwCog90bNCVotCkVLNtGtS0t9CuNf3krnXfdbYLbSoWI_5AmPGqE","file":"01ER4TYA4U4JRYT7NWN5G3O3OS53NLV2RK","table":"{00000000-000C-0000-FFFF-FFFF01000000}","item/Fecha de postulación":"@outputs('Obtener_los_detalles_de_la_respuesta_Postulante')?['body/rc3e7e94ca23344dab444422ef5d66a15']","item/Id":"@outputs('Obtener_los_detalles_de_la_respuesta_Lider')?['body/r0ec796bac2e14d308aa9a4a58d0e9c65']","item/Nombre Completo":"@outputs('Obtener_los_detalles_de_la_respuesta_Postulante')?['body/rb022713b40c24dd9a71cafe039a37a48']","item/Tipo de Documento":"@outputs('Obtener_los_detalles_de_la_respuesta_Postulante')?['body/r4aa0e6fe59784a469828e6aff6f185f1']","item/Documento ":"@outputs('Obtener_los_detalles_de_la_respuesta_Postulante')?['body/rf4a2522598294647b10513c8252fa0ba']","item/Correo corporativo o personal":"@outputs('Obtener_los_detalles_de_la_respuesta_Postulante')?['body/r786bf1e95ff04143b1148dd14d0eaeb1']","item/Cargo actual":"@{outputs('Obtener_los_detalles_de_la_respuesta_Postulante')?['body/r83f80becf2a3487690033eb0f90c16c2']}@{outputs('Obtener_los_detalles_de_la_respuesta_Postulante')?['body/r2f957976a8d34356bf9ee566e25b8e4e']}","item/Proceso al que pertenece_x003a_ (Comercial o Administrativo)":"@outputs('Obtener_los_detalles_de_la_respuesta_Postulante')?['body/r3f6c5791eed244f88ed72fc9220d8907']","item/Cargo al que aplica":"@outputs('Obtener_los_detalles_de_la_respuesta_Postulante')?['body/r076ecfc182964937ba5a46cb0720f84b']","item/Estado":"ABIERTO"},"authentication":"@parameters('$authentication')"}},"Agregar_postulante_a_tabla_de_SST":{"runAfter":{"Crear_elemento_en_lista_RL":["Succeeded"]},"metadata":{"01WJMIVX4KD6YCBSZBUBFLPULAF73DTGXL":"/Selección MVP - Plan Carrera/PlanCarrera.xlsx","operationMetadataId":"2cc94d19-622c-4de9-af54-0f6748945d59","tableId":"{00000000-000C-0000-FFFF-FFFF03000000}","01WJMIVX4TPGAK7A7MA5GLZZBUXNDGWGH2":"/Seleccion MVP - Plan Carrera/PlanCarrera.xlsx","01ER4TYAYFJOIHYAIPSFAYZQDNEVCLIJHZ":"/Valoracion 360/Seleccion MVP - Plan Talento/Plan_Talento.xlsx","01ER4TYA5ETMUQPIWPDZALINZAUZPZ56M3":"/Valoracion 360/Seleccion MVP - Plan Talento/Plan_Talento.xlsx","01ER4TYA5GTMVOOEDJB5FJORG4S7ZP7Z3D":"/Valoracion 360/Seleccion MVP - Plan Talento/Plan_Talento.xlsx","01ER4TYA4V5EBHATQNOBAKBUUANV4QUYBB":"/Valoracion 360/Seleccion MVP - Plan Talento/Plan_Talento-Copia.xlsx","01ER4TYA4U4JRYT7NWN5G3O3OS53NLV2RK":"/Valoracion 360/Seleccion MVP - Plan Talento/Plan_Talento.xlsx"},"type":"OpenApiConnection","inputs":{"host":{"apiId":"/providers/Microsoft.PowerApps/apis/shared_excelonlinebusiness","connectionName":"shared_excelonlinebusiness","operationId":"AddRowV2"},"parameters":{"source":"me","drive":"b!214-VVQAF0KOwwCog90bNCVotCkVLNtGtS0t9CuNf3krnXfdbYLbSoWI_5AmPGqE","file":"01ER4TYA4U4JRYT7NWN5G3O3OS53NLV2RK","table":"{00000000-000C-0000-FFFF-FFFF03000000}","item/Fecha de postulación":"@outputs('Obtener_los_detalles_de_la_respuesta_Postulante')?['body/rc3e7e94ca23344dab444422ef5d66a15']","item/Id":"@outputs('Obtener_los_detalles_de_la_respuesta_Lider')?['body/r0ec796bac2e14d308aa9a4a58d0e9c65']","item/Nombre Completo":"@outputs('Obtener_los_detalles_de_la_respuesta_Postulante')?['body/rb022713b40c24dd9a71cafe039a37a48']","item/Tipo de Documento":"@outputs('Obtener_los_detalles_de_la_respuesta_Postulante')?['body/r4aa0e6fe59784a469828e6aff6f185f1']","item/Documento ":"@outputs('Obtener_los_detalles_de_la_respuesta_Postulante')?['body/rf4a2522598294647b10513c8252fa0ba']","item/Correo corporativo o personal":"@outputs('Obtener_los_detalles_de_la_respuesta_Postulante')?['body/r786bf1e95ff04143b1148dd14d0eaeb1']","item/Cargo actual":"@{outputs('Obtener_los_detalles_de_la_respuesta_Postulante')?['body/r83f80becf2a3487690033eb0f90c16c2']}@{outputs('Obtener_los_detalles_de_la_respuesta_Postulante')?['body/r2f957976a8d34356bf9ee566e25b8e4e']}","item/Proceso al que pertenece_x003a_ (Comercial o Administrativo)":"@outputs('Obtener_los_detalles_de_la_respuesta_Postulante')?['body/r3f6c5791eed244f88ed72fc9220d8907']","item/Cargo al que aplica":"@outputs('Obtener_los_detalles_de_la_respuesta_Postulante')?['body/r076ecfc182964937ba5a46cb0720f84b']","item/Estado":"ABIERTO"},"authentication":"@parameters('$authentication')"}},"Agregar_postulante_a_tabla_de_COM":{"runAfter":{"Crear_elemento_en_lista_SST":["Succeeded"]},"metadata":{"01WJMIVX4KD6YCBSZBUBFLPULAF73DTGXL":"/Selección MVP - Plan Carrera/PlanCarrera.xlsx","operationMetadataId":"cd158b9a-b00e-4c0e-8d97-64537c6343cd","tableId":"{00000000-000C-0000-FFFF-FFFF05000000}","01WJMIVX4TPGAK7A7MA5GLZZBUXNDGWGH2":"/Seleccion MVP - Plan Carrera/PlanCarrera.xlsx","01ER4TYAYFJOIHYAIPSFAYZQDNEVCLIJHZ":"/Valoracion 360/Seleccion MVP - Plan Talento/Plan_Talento.xlsx","01ER4TYA5ETMUQPIWPDZALINZAUZPZ56M3":"/Valoracion 360/Seleccion MVP - Plan Talento/Plan_Talento.xlsx","01ER4TYA5GTMVOOEDJB5FJORG4S7ZP7Z3D":"/Valoracion 360/Seleccion MVP - Plan Talento/Plan_Talento.xlsx","01ER4TYA4V5EBHATQNOBAKBUUANV4QUYBB":"/Valoracion 360/Seleccion MVP - Plan Talento/Plan_Talento-Copia.xlsx","01ER4TYA4U4JRYT7NWN5G3O3OS53NLV2RK":"/Valoracion 360/Seleccion MVP - Plan Talento/Plan_Talento.xlsx"},"type":"OpenApiConnection","inputs":{"host":{"apiId":"/providers/Microsoft.PowerApps/apis/shared_excelonlinebusiness","connectionName":"shared_excelonlinebusiness","operationId":"AddRowV2"},"parameters":{"source":"me","drive":"b!214-VVQAF0KOwwCog90bNCVotCkVLNtGtS0t9CuNf3krnXfdbYLbSoWI_5AmPGqE","file":"01ER4TYA4U4JRYT7NWN5G3O3OS53NLV2RK","table":"{00000000-000C-0000-FFFF-FFFF05000000}","item/Fecha de postulación":"@outputs('Obtener_los_detalles_de_la_respuesta_Postulante')?['body/rc3e7e94ca23344dab444422ef5d66a15']","item/Id":"@outputs('Obtener_los_detalles_de_la_respuesta_Lider')?['body/r0ec796bac2e14d308aa9a4a58d0e9c65']","item/Nombre Completo":"@outputs('Obtener_los_detalles_de_la_respuesta_Postulante')?['body/rb022713b40c24dd9a71cafe039a37a48']","item/Tipo de Documento":"@outputs('Obtener_los_detalles_de_la_respuesta_Postulante')?['body/r4aa0e6fe59784a469828e6aff6f185f1']","item/Documento ":"@outputs('Obtener_los_detalles_de_la_respuesta_Postulante')?['body/rf4a2522598294647b10513c8252fa0ba']","item/Correo corporativo o personal":"@outputs('Obtener_los_detalles_de_la_respuesta_Postulante')?['body/r786bf1e95ff04143b1148dd14d0eaeb1']","item/Cargo actual":"@{outputs('Obtener_los_detalles_de_la_respuesta_Postulante')?['body/r83f80becf2a3487690033eb0f90c16c2']}@{outputs('Obtener_los_detalles_de_la_respuesta_Postulante')?['body/r2f957976a8d34356bf9ee566e25b8e4e']}","item/Proceso al que pertenece_x003a_ (Comercial o Administrativo)":"@outputs('Obtener_los_detalles_de_la_respuesta_Postulante')?['body/r3f6c5791eed244f88ed72fc9220d8907']","item/Cargo al que aplica":"@outputs('Obtener_los_detalles_de_la_respuesta_Postulante')?['body/r076ecfc182964937ba5a46cb0720f84b']","item/Estado":"ABIERTO"},"authentication":"@parameters('$authentication')"}},"Agregar_postulante_a_tabla_de_GCT":{"runAfter":{"Crear_elemento_en_lista_COM":["Succeeded"]},"metadata":{"01WJMIVX4KD6YCBSZBUBFLPULAF73DTGXL":"/Selección MVP - Plan Carrera/PlanCarrera.xlsx","operationMetadataId":"ca07369b-a64a-4248-a70c-8d2241b1c2f6","tableId":"{00000000-000C-0000-FFFF-FFFF02000000}","01WJMIVX4TPGAK7A7MA5GLZZBUXNDGWGH2":"/Seleccion MVP - Plan Carrera/PlanCarrera.xlsx","01ER4TYAYFJOIHYAIPSFAYZQDNEVCLIJHZ":"/Valoracion 360/Seleccion MVP - Plan Talento/Plan_Talento.xlsx","01ER4TYA5ETMUQPIWPDZALINZAUZPZ56M3":"/Valoracion 360/Seleccion MVP - Plan Talento/Plan_Talento.xlsx","01ER4TYA5GTMVOOEDJB5FJORG4S7ZP7Z3D":"/Valoracion 360/Seleccion MVP - Plan Talento/Plan_Talento.xlsx","01ER4TYA4V5EBHATQNOBAKBUUANV4QUYBB":"/Valoracion 360/Seleccion MVP - Plan Talento/Plan_Talento-Copia.xlsx","01ER4TYA4U4JRYT7NWN5G3O3OS53NLV2RK":"/Valoracion 360/Seleccion MVP - Plan Talento/Plan_Talento.xlsx"},"type":"OpenApiConnection","inputs":{"host":{"apiId":"/providers/Microsoft.PowerApps/apis/shared_excelonlinebusiness","connectionName":"shared_excelonlinebusiness_2","operationId":"AddRowV2"},"parameters":{"source":"me","drive":"b!214-VVQAF0KOwwCog90bNCVotCkVLNtGtS0t9CuNf3krnXfdbYLbSoWI_5AmPGqE","file":"01ER4TYA4U4JRYT7NWN5G3O3OS53NLV2RK","table":"{00000000-000C-0000-FFFF-FFFF02000000}","item/Fecha de postulación":"@outputs('Obtener_los_detalles_de_la_respuesta_Postulante')?['body/rc3e7e94ca23344dab444422ef5d66a15']","item/Id":"@outputs('Obtener_los_detalles_de_la_respuesta_Lider')?['body/r0ec796bac2e14d308aa9a4a58d0e9c65']","item/Nombre Completo":"@outputs('Obtener_los_detalles_de_la_respuesta_Postulante')?['body/rb022713b40c24dd9a71cafe039a37a48']","item/Tipo de Documento":"@outputs('Obtener_los_detalles_de_la_respuesta_Postulante')?['body/r4aa0e6fe59784a469828e6aff6f185f1']","item/Documento ":"@outputs('Obtener_los_detalles_de_la_respuesta_Postulante')?['body/rf4a2522598294647b10513c8252fa0ba']","item/Número telefónico":"@outputs('Obtener_los_detalles_de_la_respuesta_Postulante')?['body/rca5ae91e78ca44deab1a75c5a7b0d3a1']","item/Correo corporativo o personal":"@outputs('Obtener_los_detalles_de_la_respuesta_Postulante')?['body/r786bf1e95ff04143b1148dd14d0eaeb1']","item/Cargo actual":"@{outputs('Obtener_los_detalles_de_la_respuesta_Postulante')?['body/r2f957976a8d34356bf9ee566e25b8e4e']}@{outputs('Obtener_los_detalles_de_la_respuesta_Postulante')?['body/r83f80becf2a3487690033eb0f90c16c2']}","item/Proceso al que pertenece_x003a_ (Comercial o Administrativo)":"@outputs('Obtener_los_detalles_de_la_respuesta_Postulante')?['body/r3f6c5791eed244f88ed72fc9220d8907']","item/Cargo al que aplica":"@outputs('Obtener_los_detalles_de_la_respuesta_Lider')?['body/r9045ce37de004c91bef45d8c21b0ed0b']","item/Estado":"ABIERTO"},"authentication":"@parameters('$authentication')"}},"Agregar_postulante_a_tabla_de_EXP":{"runAfter":{"Crear_elemento_en_lista_GCT":["Succeeded"]},"metadata":{"01WJMIVX4KD6YCBSZBUBFLPULAF73DTGXL":"/Selección MVP - Plan Carrera/PlanCarrera.xlsx","operationMetadataId":"43114ec8-fefd-4c85-8aae-46b99be78205","tableId":"{00000000-000C-0000-FFFF-FFFF06000000}","01WJMIVX4TPGAK7A7MA5GLZZBUXNDGWGH2":"/Seleccion MVP - Plan Carrera/PlanCarrera.xlsx","01ER4TYAYFJOIHYAIPSFAYZQDNEVCLIJHZ":"/Valoracion 360/Seleccion MVP - Plan Talento/Plan_Talento.xlsx","01ER4TYA5ETMUQPIWPDZALINZAUZPZ56M3":"/Valoracion 360/Seleccion MVP - Plan Talento/Plan_Talento.xlsx","01ER4TYA5GTMVOOEDJB5FJORG4S7ZP7Z3D":"/Valoracion 360/Seleccion MVP - Plan Talento/Plan_Talento.xlsx","01ER4TYA4V5EBHATQNOBAKBUUANV4QUYBB":"/Valoracion 360/Seleccion MVP - Plan Talento/Plan_Talento-Copia.xlsx","01ER4TYA4U4JRYT7NWN5G3O3OS53NLV2RK":"/Valoracion 360/Seleccion MVP - Plan Talento/Plan_Talento.xlsx"},"type":"OpenApiConnection","inputs":{"host":{"apiId":"/providers/Microsoft.PowerApps/apis/shared_excelonlinebusiness","connectionName":"shared_excelonlinebusiness_2","operationId":"AddRowV2"},"parameters":{"source":"me","drive":"b!214-VVQAF0KOwwCog90bNCVotCkVLNtGtS0t9CuNf3krnXfdbYLbSoWI_5AmPGqE","file":"01ER4TYA4U4JRYT7NWN5G3O3OS53NLV2RK","table":"{00000000-000C-0000-FFFF-FFFF06000000}","item/Fecha de postulación":"@outputs('Obtener_los_detalles_de_la_respuesta_Postulante')?['body/rc3e7e94ca23344dab444422ef5d66a15']","item/Id":"@outputs('Obtener_los_detalles_de_la_respuesta_Lider')?['body/r0ec796bac2e14d308aa9a4a58d0e9c65']","item/Nombre Completo":"@outputs('Obtener_los_detalles_de_la_respuesta_Postulante')?['body/rb022713b40c24dd9a71cafe039a37a48']","item/Tipo de Documento":"@outputs('Obtener_los_detalles_de_la_respuesta_Postulante')?['body/r4aa0e6fe59784a469828e6aff6f185f1']","item/Documento ":"@outputs('Obtener_los_detalles_de_la_respuesta_Postulante')?['body/rf4a2522598294647b10513c8252fa0ba']","item/Correo corporativo o personal":"@outputs('Obtener_los_detalles_de_la_respuesta_Postulante')?['body/r786bf1e95ff04143b1148dd14d0eaeb1']","item/Cargo actual":"@{outputs('Obtener_los_detalles_de_la_respuesta_Postulante')?['body/r83f80becf2a3487690033eb0f90c16c2']}@{outputs('Obtener_los_detalles_de_la_respuesta_Postulante')?['body/r2f957976a8d34356bf9ee566e25b8e4e']}","item/Proceso al que pertenece_x003a_ (Comercial o Administrativo)":"@outputs('Obtener_los_detalles_de_la_respuesta_Postulante')?['body/r3f6c5791eed244f88ed72fc9220d8907']","item/Cargo al que aplica":"@outputs('Obtener_los_detalles_de_la_respuesta_Postulante')?['body/r076ecfc182964937ba5a46cb0720f84b']","item/Estado":"ABIERTO"},"authentication":"@parameters('$authentication')"}},"Agregar_postulante_a_tabla_de_POE":{"runAfter":{"Crear_elemento_en_lista_EXP":["Succeeded"]},"metadata":{"01WJMIVX4KD6YCBSZBUBFLPULAF73DTGXL":"/Selección MVP - Plan Carrera/PlanCarrera.xlsx","operationMetadataId":"a6d57faa-12df-44f8-93e0-5e9bd75e177b","tableId":"{00000000-000C-0000-FFFF-FFFF07000000}","01WJMIVX4TPGAK7A7MA5GLZZBUXNDGWGH2":"/Seleccion MVP - Plan Carrera/PlanCarrera.xlsx","01ER4TYAYFJOIHYAIPSFAYZQDNEVCLIJHZ":"/Valoracion 360/Seleccion MVP - Plan Talento/Plan_Talento.xlsx","01ER4TYA5ETMUQPIWPDZALINZAUZPZ56M3":"/Valoracion 360/Seleccion MVP - Plan Talento/Plan_Talento.xlsx","01ER4TYA5GTMVOOEDJB5FJORG4S7ZP7Z3D":"/Valoracion 360/Seleccion MVP - Plan Talento/Plan_Talento.xlsx","01ER4TYA4V5EBHATQNOBAKBUUANV4QUYBB":"/Valoracion 360/Seleccion MVP - Plan Talento/Plan_Talento-Copia.xlsx","01ER4TYA4U4JRYT7NWN5G3O3OS53NLV2RK":"/Valoracion 360/Seleccion MVP - Plan Talento/Plan_Talento.xlsx"},"type":"OpenApiConnection","inputs":{"host":{"apiId":"/providers/Microsoft.PowerApps/apis/shared_excelonlinebusiness","connectionName":"shared_excelonlinebusiness_2","operationId":"AddRowV2"},"parameters":{"source":"me","drive":"b!214-VVQAF0KOwwCog90bNCVotCkVLNtGtS0t9CuNf3krnXfdbYLbSoWI_5AmPGqE","file":"01ER4TYA4U4JRYT7NWN5G3O3OS53NLV2RK","table":"{00000000-000C-0000-FFFF-FFFF07000000}","item/Fecha de postulación":"@outputs('Obtener_los_detalles_de_la_respuesta_Postulante')?['body/rc3e7e94ca23344dab444422ef5d66a15']","item/Id":"@outputs('Obtener_los_detalles_de_la_respuesta_Lider')?['body/r0ec796bac2e14d308aa9a4a58d0e9c65']","item/Nombre Completo":"@outputs('Obtener_los_detalles_de_la_respuesta_Postulante')?['body/rb022713b40c24dd9a71cafe039a37a48']","item/Tipo de Documento":"@outputs('Obtener_los_detalles_de_la_respuesta_Postulante')?['body/r4aa0e6fe59784a469828e6aff6f185f1']","item/Documento ":"@outputs('Obtener_los_detalles_de_la_respuesta_Postulante')?['body/rf4a2522598294647b10513c8252fa0ba']","item/Correo corporativo o personal":"@outputs('Obtener_los_detalles_de_la_respuesta_Postulante')?['body/r786bf1e95ff04143b1148dd14d0eaeb1']","item/Cargo actual":"@{outputs('Obtener_los_detalles_de_la_respuesta_Postulante')?['body/r83f80becf2a3487690033eb0f90c16c2']}@{outputs('Obtener_los_detalles_de_la_respuesta_Postulante')?['body/r2f957976a8d34356bf9ee566e25b8e4e']}","item/Proceso al que pertenece_x003a_ (Comercial o Administrativo)":"@outputs('Obtener_los_detalles_de_la_respuesta_Postulante')?['body/r3f6c5791eed244f88ed72fc9220d8907']","item/Cargo al que aplica":"@outputs('Obtener_los_detalles_de_la_respuesta_Postulante')?['body/r076ecfc182964937ba5a46cb0720f84b']","item/Estado":"ABIERTO"},"authentication":"@parameters('$authentication')"}},"Enviar_correo_electrónico_a_los_Procesos":{"runAfter":{"Agregar_postulante_a_tabla_RESUMEN":["Succeeded"]},"metadata":{"operationMetadataId":"86ca37de-b31a-4766-b51f-69254ee39c7e"},"type":"OpenApiConnection","inputs":{"host":{"apiId":"/providers/Microsoft.PowerApps/apis/shared_office365","connectionName":"shared_office365","operationId":"SendEmailV2"},"parameters":{"emailMessage/To":"monica.rios@gruporeditos.com;luisa.quintana@gruporeditos.com;alejandra.botero@gruporeditos.com;lubis.berrio@gruporeditos.com;natalia.urrego@gruporeditos.com;yurani.barrera@gruporeditos.com;aprendiz.psicologia@gruporeditos.com;laura.sanchez@gruporeditos.com;yerly.moscoso@gruporeditos.com;luisa.urrego@gruporeditos.com;andres.fuentes@gruporeditos.com;sara.gomez@gruporeditos.com;Luisa.urrego@gruporeditos.com;natalia.zapata@gruporeditos.com","emailMessage/Subject":"Solicitud de Información - Valoración 360°","emailMessage/Body":"<p>Cordial Saludo.<br>\n<br>\nEspero se encuentren muy bien y sus familias también.<br>\n<br>\nSolicito de su amable colaboración para suministrarme el histórico del colaborador<strong> </strong><strong>@{outputs('Actualizar_tabla_postulante_con_info_lider_APROBADO')?['body/Nombre Completo']}</strong><strong> </strong>activo en la compañía, ya que, está en un proceso de Atracción del Talento y posiblemente se realice un cambio de cargo.<br>\n<br>\nPor lo tanto por favor ingresar a la aplicación Valoración 360° para poder dar sus observaciones correspondientes.<br>\n<br>\nMil gracias.<br>\n<br>\n<strong>¡Este es un correo que se envía automáticamente, por favor no responder!</strong><br>\n</p>","emailMessage/From":"correo.automatizacion@gruporeditos.com","emailMessage/Importance":"Normal"},"authentication":"@parameters('$authentication')"}},"Crear_elemento_en_lista_RL":{"runAfter":{"Agregar_postulante_a_tabla_de_RL":["Succeeded"]},"metadata":{"operationMetadataId":"8e508c06-2426-465e-a406-09a9c00f1e0f"},"type":"OpenApiConnection","inputs":{"host":{"apiId":"/providers/Microsoft.PowerApps/apis/shared_sharepointonline","connectionName":"shared_sharepointonline_1","operationId":"PostItem"},"parameters":{"dataset":"https://ganasa.sharepoint.com/sites/Plan_Carrera","table":"0f9b4e1e-e88f-4c77-be24-3eb5d9d204e6","item/Title":"RL","item/Identificador":"@outputs('Obtener_los_detalles_de_la_respuesta_Lider')?['body/r0ec796bac2e14d308aa9a4a58d0e9c65']","item/Nombrecompleto":"@outputs('Obtener_los_detalles_de_la_respuesta_Postulante')?['body/rb022713b40c24dd9a71cafe039a37a48']","item/Documento":"@outputs('Obtener_los_detalles_de_la_respuesta_Postulante')?['body/rf4a2522598294647b10513c8252fa0ba']","item/Cargoalqueaplica":"@outputs('Obtener_los_detalles_de_la_respuesta_Postulante')?['body/r076ecfc182964937ba5a46cb0720f84b']","item/Estado":"ABIERTO"},"authentication":"@parameters('$authentication')"}},"Crear_elemento_en_lista_SST":{"runAfter":{"Agregar_postulante_a_tabla_de_SST":["Succeeded"]},"metadata":{"operationMetadataId":"d9399e5e-b62c-46be-b8e4-d3488e33225a"},"type":"OpenApiConnection","inputs":{"host":{"apiId":"/providers/Microsoft.PowerApps/apis/shared_sharepointonline","connectionName":"shared_sharepointonline_1","operationId":"PostItem"},"parameters":{"dataset":"https://ganasa.sharepoint.com/sites/Plan_Carrera","table":"d2cd32de-29ed-4365-9f66-26f6e73c0bb6","item/Title":"SST","item/Identificador":"@outputs('Obtener_los_detalles_de_la_respuesta_Lider')?['body/r0ec796bac2e14d308aa9a4a58d0e9c65']","item/Nombrecompleto":"@outputs('Obtener_los_detalles_de_la_respuesta_Postulante')?['body/rb022713b40c24dd9a71cafe039a37a48']","item/Documento":"@outputs('Obtener_los_detalles_de_la_respuesta_Postulante')?['body/rf4a2522598294647b10513c8252fa0ba']","item/Cargoalqueaplica":"@outputs('Obtener_los_detalles_de_la_respuesta_Postulante')?['body/r076ecfc182964937ba5a46cb0720f84b']","item/Estado":"ABIERTO"},"authentication":"@parameters('$authentication')"}},"Crear_elemento_en_lista_COM":{"runAfter":{"Agregar_postulante_a_tabla_de_COM":["Succeeded"]},"metadata":{"operationMetadataId":"3fbbfb7c-4e66-4b54-b0f0-e8c47514664e"},"type":"OpenApiConnection","inputs":{"host":{"apiId":"/providers/Microsoft.PowerApps/apis/shared_sharepointonline","connectionName":"shared_sharepointonline_1","operationId":"PostItem"},"parameters":{"dataset":"https://ganasa.sharepoint.com/sites/Plan_Carrera","table":"1d4a7b32-7070-4164-a41a-323e670adcc5","item/Title":"COM","item/Identificador":"@outputs('Obtener_los_detalles_de_la_respuesta_Lider')?['body/r0ec796bac2e14d308aa9a4a58d0e9c65']","item/NombreCompleto":"@outputs('Obtener_los_detalles_de_la_respuesta_Postulante')?['body/rb022713b40c24dd9a71cafe039a37a48']","item/Documento":"@outputs('Obtener_los_detalles_de_la_respuesta_Postulante')?['body/rf4a2522598294647b10513c8252fa0ba']","item/Cargoalqueaplica":"@outputs('Obtener_los_detalles_de_la_respuesta_Postulante')?['body/r076ecfc182964937ba5a46cb0720f84b']","item/Estado":"ABIERTO"},"authentication":"@parameters('$authentication')"}},"Crear_elemento_en_lista_GCT":{"runAfter":{"Agregar_postulante_a_tabla_de_GCT":["Succeeded"]},"metadata":{"operationMetadataId":"5aa7d461-752d-4119-bb29-459468c95bbf"},"type":"OpenApiConnection","inputs":{"host":{"apiId":"/providers/Microsoft.PowerApps/apis/shared_sharepointonline","connectionName":"shared_sharepointonline_1","operationId":"PostItem"},"parameters":{"dataset":"https://ganasa.sharepoint.com/sites/Plan_Carrera","table":"38814041-8782-4c35-b90a-aab54b00e6c5","item/Title":"DH","item/Identificador":"@outputs('Obtener_los_detalles_de_la_respuesta_Lider')?['body/r0ec796bac2e14d308aa9a4a58d0e9c65']","item/Nombrecompleto":"@outputs('Obtener_los_detalles_de_la_respuesta_Postulante')?['body/rb022713b40c24dd9a71cafe039a37a48']","item/Documento":"@outputs('Obtener_los_detalles_de_la_respuesta_Postulante')?['body/rf4a2522598294647b10513c8252fa0ba']","item/N_x00fa_merotelef_x00f3_nico":"@outputs('Obtener_los_detalles_de_la_respuesta_Postulante')?['body/rca5ae91e78ca44deab1a75c5a7b0d3a1']","item/Cargoactual":"@outputs('Agregar_postulante_a_tabla_de_GCT')?['body/Cargo actual']","item/Cargoalqueaplica":"@outputs('Obtener_los_detalles_de_la_respuesta_Postulante')?['body/r076ecfc182964937ba5a46cb0720f84b']","item/Estado":"ABIERTO"},"authentication":"@parameters('$authentication')"}},"Crear_elemento_en_lista_EXP":{"runAfter":{"Agregar_postulante_a_tabla_de_EXP":["Succeeded"]},"metadata":{"operationMetadataId":"215b4724-6455-4ec0-81da-20cd549c8dbd"},"type":"OpenApiConnection","inputs":{"host":{"apiId":"/providers/Microsoft.PowerApps/apis/shared_sharepointonline","connectionName":"shared_sharepointonline_1","operationId":"PostItem"},"parameters":{"dataset":"https://ganasa.sharepoint.com/sites/Plan_Carrera","table":"bbb7e790-7a1a-470e-8f0e-049a2447273f","item/Title":"NS","item/Identificador":"@outputs('Obtener_los_detalles_de_la_respuesta_Lider')?['body/r0ec796bac2e14d308aa9a4a58d0e9c65']","item/NombreCompleto":"@outputs('Obtener_los_detalles_de_la_respuesta_Postulante')?['body/rb022713b40c24dd9a71cafe039a37a48']","item/Documento":"@outputs('Obtener_los_detalles_de_la_respuesta_Postulante')?['body/rf4a2522598294647b10513c8252fa0ba']","item/Cargoalqueaplica":"@outputs('Obtener_los_detalles_de_la_respuesta_Postulante')?['body/r076ecfc182964937ba5a46cb0720f84b']","item/Estado":"ABIERTO"},"authentication":"@parameters('$authentication')"}},"Crear_elemento_en_lista_POE":{"runAfter":{"Agregar_postulante_a_tabla_de_POE":["Succeeded"]},"metadata":{"operationMetadataId":"61657a25-19e4-4db5-90a0-af626928e726"},"type":"OpenApiConnection","inputs":{"host":{"apiId":"/providers/Microsoft.PowerApps/apis/shared_sharepointonline","connectionName":"shared_sharepointonline_1","operationId":"PostItem"},"parameters":{"dataset":"https://ganasa.sharepoint.com/sites/Plan_Carrera","table":"6954ca6f-bcdd-4886-9464-553e24027cbf","item/Title":"POE","item/Identificador":"@outputs('Obtener_los_detalles_de_la_respuesta_Lider')?['body/r0ec796bac2e14d308aa9a4a58d0e9c65']","item/Nombrecompleto":"@outputs('Obtener_los_detalles_de_la_respuesta_Postulante')?['body/rb022713b40c24dd9a71cafe039a37a48']","item/Documento":"@outputs('Obtener_los_detalles_de_la_respuesta_Postulante')?['body/rf4a2522598294647b10513c8252fa0ba']","item/Cargoalqueaplica":"@outputs('Obtener_los_detalles_de_la_respuesta_Postulante')?['body/r076ecfc182964937ba5a46cb0720f84b']","item/Estado":"ABIERTO"},"authentication":"@parameters('$authentication')"}},"Agregar_postulante_a_tabla_RESUMEN":{"runAfter":{"Actualizar_tabla_postulante_con_info_lider_APROBADO":["Succeeded"]},"metadata":{"01ER4TYA5ETMUQPIWPDZALINZAUZPZ56M3":"/Valoracion 360/Seleccion MVP - Plan Talento/Plan_Talento.xlsx","operationMetadataId":"351410eb-d38b-4a45-a5a2-c98c1fd65bda","tableId":"{E35EEC33-4976-4245-8656-0710D4DA2514}","01ER4TYA5GTMVOOEDJB5FJORG4S7ZP7Z3D":"/Valoracion 360/Seleccion MVP - Plan Talento/Plan_Talento.xlsx","01ER4TYA4V5EBHATQNOBAKBUUANV4QUYBB":"/Valoracion 360/Seleccion MVP - Plan Talento/Plan_Talento-Copia.xlsx","01ER4TYA4U4JRYT7NWN5G3O3OS53NLV2RK":"/Valoracion 360/Seleccion MVP - Plan Talento/Plan_Talento.xlsx"},"type":"OpenApiConnection","inputs":{"host":{"apiId":"/providers/Microsoft.PowerApps/apis/shared_excelonlinebusiness","connectionName":"shared_excelonlinebusiness_2","operationId":"AddRowV2"},"parameters":{"source":"me","drive":"b!214-VVQAF0KOwwCog90bNCVotCkVLNtGtS0t9CuNf3krnXfdbYLbSoWI_5AmPGqE","file":"01ER4TYA4U4JRYT7NWN5G3O3OS53NLV2RK","table":"{E35EEC33-4976-4245-8656-0710D4DA2514}","item/Id":"@outputs('Obtener_los_detalles_de_la_respuesta_Lider')?['body/r0ec796bac2e14d308aa9a4a58d0e9c65']","item/Tipo de Documento":"@outputs('Obtener_los_detalles_de_la_respuesta_Postulante')?['body/r4aa0e6fe59784a469828e6aff6f185f1']","item/Documento":"@outputs('Obtener_los_detalles_de_la_respuesta_Postulante')?['body/rf4a2522598294647b10513c8252fa0ba']","item/Número de contacto":"@outputs('Obtener_los_detalles_de_la_respuesta_Postulante')?['body/rca5ae91e78ca44deab1a75c5a7b0d3a1']","item/Nombre de quien solicita":"@outputs('Obtener_los_detalles_de_la_respuesta_Postulante')?['body/rb022713b40c24dd9a71cafe039a37a48']","item/Proceso":"@outputs('Obtener_los_detalles_de_la_respuesta_Postulante')?['body/r3f6c5791eed244f88ed72fc9220d8907']","item/Nombre Lider Proceso":"@outputs('Obtener_los_detalles_de_la_respuesta_Postulante')?['body/rf7f6330f35c646ba8a498be598186d6e']","item/Cargo del solicitante":"@{outputs('Obtener_los_detalles_de_la_respuesta_Postulante')?['body/r2f957976a8d34356bf9ee566e25b8e4e']}@{outputs('Obtener_los_detalles_de_la_respuesta_Postulante')?['body/r83f80becf2a3487690033eb0f90c16c2']}","item/Cargo a solicitar":"@outputs('Obtener_los_detalles_de_la_respuesta_Postulante')?['body/r076ecfc182964937ba5a46cb0720f84b']","item/Correo":"@outputs('Obtener_los_detalles_de_la_respuesta_Postulante')?['body/r786bf1e95ff04143b1148dd14d0eaeb1']","item/Concepto del Líder":"@outputs('Obtener_los_detalles_de_la_respuesta_Lider')?['body/r1a3d9fa27c61458d9db3776d5013eccb']","item/Comentario del Líder":"@outputs('Obtener_los_detalles_de_la_respuesta_Lider')?['body/r967f3945a12a4250a0deb2a0c859e95c']","item/Area":"@outputs('Obtener_los_detalles_de_la_respuesta_Postulante')?['body/r7d61ecb5d81049a0bec20a99703c0184']","item/Zona":"@outputs('Obtener_los_detalles_de_la_respuesta_Postulante')?['body/r15f88c75f60d43cb91a3a6646f38a12b']","item/Oficina":"@outputs('Obtener_los_detalles_de_la_respuesta_Postulante')?['body/r6f71c8b1861047a792ce6fa8bdd7fe93']","item/Empresa":"@outputs('Obtener_los_detalles_de_la_respuesta_Postulante')?['body/rbc844661016744e38b268c68de295296']","item/Desición":"PENDIENTE"},"authentication":"@parameters('$authentication')"}},"Actualizar_tabla_postulante_con_info_lider_APROBADO":{"runAfter":{"Crear_elemento_en_lista_POE":["Succeeded"]},"metadata":{"01WJMIVX4TPGAK7A7MA5GLZZBUXNDGWGH2":"/Seleccion MVP - Plan Carrera/PlanCarrera.xlsx","operationMetadataId":"242985fe-b244-4e43-9068-eeb41f04c216","tableId":"{00000000-000C-0000-FFFF-FFFF00000000}","01ER4TYAYFJOIHYAIPSFAYZQDNEVCLIJHZ":"/Valoracion 360/Seleccion MVP - Plan Talento/Plan_Talento.xlsx","01ER4TYA5ETMUQPIWPDZALINZAUZPZ56M3":"/Valoracion 360/Seleccion MVP - Plan Talento/Plan_Talento.xlsx","01ER4TYA5GTMVOOEDJB5FJORG4S7ZP7Z3D":"/Valoracion 360/Seleccion MVP - Plan Talento/Plan_Talento.xlsx","01ER4TYA4V5EBHATQNOBAKBUUANV4QUYBB":"/Valoracion 360/Seleccion MVP - Plan Talento/Plan_Talento-Copia.xlsx","01ER4TYA4U4JRYT7NWN5G3O3OS53NLV2RK":"/Valoracion 360/Seleccion MVP - Plan Talento/Plan_Talento.xlsx"},"type":"OpenApiConnection","inputs":{"host":{"apiId":"/providers/Microsoft.PowerApps/apis/shared_excelonlinebusiness","connectionName":"shared_excelonlinebusiness_2","operationId":"PatchItem"},"parameters":{"source":"me","drive":"b!214-VVQAF0KOwwCog90bNCVotCkVLNtGtS0t9CuNf3krnXfdbYLbSoWI_5AmPGqE","file":"01ER4TYA4U4JRYT7NWN5G3O3OS53NLV2RK","table":"{00000000-000C-0000-FFFF-FFFF00000000}","idColumn":"Id","id":"@outputs('Obtener_los_detalles_de_la_respuesta_Lider')?['body/r0ec796bac2e14d308aa9a4a58d0e9c65']","item/Nombre del lider actual":"@outputs('Obtener_los_detalles_de_la_respuesta_Lider')?['body/rf361bbf99eba49618c7292ac5b037fee']","item/Concepto del Lider":"@outputs('Obtener_los_detalles_de_la_respuesta_Lider')?['body/r1a3d9fa27c61458d9db3776d5013eccb']","item/Comentario del Líder inmediato":"@outputs('Obtener_los_detalles_de_la_respuesta_Lider')?['body/r967f3945a12a4250a0deb2a0c859e95c']"},"authentication":"@parameters('$authentication')"}}}},"expression":{"or":[{"startsWith":["@outputs('Obtener_los_detalles_de_la_respuesta_Lider')?['body/r1a3d9fa27c61458d9db3776d5013eccb']","Deficiente"]},{"startsWith":["@outputs('Obtener_los_detalles_de_la_respuesta_Lider')?['body/r1a3d9fa27c61458d9db3776d5013eccb']","Insatisfactorio"]}]},"metadata":{"operationMetadataId":"78b171be-289c-4b5d-8e22-ee7b4bef1f44"},"type":"If"},"Obtener_los_detalles_de_la_respuesta_Postulante":{"runAfter":{"Obtener_los_detalles_de_la_respuesta_Lider":["Succeeded"]},"metadata":{"operationMetadataId":"81ee50a6-3022-43fa-b99c-a9b82e93baca"},"type":"OpenApiConnection","inputs":{"host":{"apiId":"/providers/Microsoft.PowerApps/apis/shared_microsoftforms","connectionName":"shared_microsoftforms","operationId":"GetFormResponseById"},"parameters":{"form_id":"uuyi1irdDE-mMmeY4xmVu2T18zblSw1KvG8O_qAt4wlURENBS0xQUU5NWEJCT0xUNUhFQlFGREVBQy4u","response_id":"@outputs('Obtener_los_detalles_de_la_respuesta_Lider')?['body/r0ec796bac2e14d308aa9a4a58d0e9c65']"},"authentication":"@parameters('$authentication')"}},"Establecer_FechaActual":{"runAfter":{"FechaParaCorreos":["Succeeded"]},"metadata":{"operationMetadataId":"42361275-c29f-459a-a7eb-f3448988327c"},"type":"InitializeVariable","inputs":{"variables":[{"name":"FechaActual","type":"string","value":"@{utcNow('dd/MM/yyyy')}"}]}},"Meses":{"runAfter":{"Obtener_los_detalles_de_la_respuesta_Postulante":["Succeeded"]},"metadata":{"operationMetadataId":"849cd8a4-4ec1-4e90-8619-c5b00135b25e"},"type":"InitializeVariable","inputs":{"variables":[{"name":"Mes","type":"object","value":{"January":"Enero","February":"Febrero","March":"Marzo","April":"Abril","May":"Mayo","June":"Junio","July":"Julio","August":"Agosto","September":"Septiembre","October":"Octubre","November":"Noviembre","December":"Diciembre"}}]}},"FechaSinAjustes":{"runAfter":{"Meses":["Succeeded"]},"metadata":{"operationMetadataId":"d98aac21-a89a-4eea-812c-426206999c56"},"type":"InitializeVariable","inputs":{"variables":[{"name":"Fecha","type":"string","value":"@{concat(utcNow('dd'), ' de ', '#',utcNow('MMMM'),'#' ,' del ', utcNow('yyyy'))}"}]}},"IndexOf":{"runAfter":{"FechaSinAjustes":["Succeeded"]},"metadata":{"operationMetadataId":"23705fa0-1f88-43a4-8a43-9467c1e820b6"},"type":"Compose","inputs":"@add(int(indexOf(variables('Fecha'),'#')),1)"},"Last_IndexOf":{"runAfter":{"IndexOf":["Succeeded"]},"metadata":{"operationMetadataId":"45b8f55b-f2cd-43da-9859-5d6b491195f0"},"type":"Compose","inputs":"@int(lastIndexOf(variables('Fecha'),'#'))"},"NumeroCaracteres":{"runAfter":{"Last_IndexOf":["Succeeded"]},"metadata":{"operationMetadataId":"822967a1-655d-43fc-b4ea-f96b437d46ce"},"type":"Compose","inputs":"@sub(outputs('Last_IndexOf'),outputs('IndexOf'))"},"MesIngles":{"runAfter":{"NumeroCaracteres":["Succeeded"]},"metadata":{"operationMetadataId":"acbe0ee8-d305-4c0f-b5ff-cefb80b11dd4"},"type":"Compose","inputs":"@substring(variables('Fecha'),outputs('IndexOf'),outputs('NumeroCaracteres'))"},"MesEspañol":{"runAfter":{"MesIngles":["Succeeded"]},"metadata":{"operationMetadataId":"0c0b9b37-ae14-4454-ac39-a2028a85a909"},"type":"Compose","inputs":"@variables('Mes')[outputs('MesIngles')]"},"FechaParaCorreos":{"runAfter":{"MesEspañol":["Succeeded"]},"metadata":{"operationMetadataId":"e92199ba-cb8f-4363-8f05-2931ae9a3681"},"type":"InitializeVariable","inputs":{"variables":[{"name":"FechaCorreo","type":"string","value":"@{concat(utcNow('dd'), ' de ', outputs('mesEspañol'), ' del ', utcNow('yyyy'))}"}]}}},"description":"En el momento en que el líder da respuesta al correo enviado con la información del nuevo postulante, se desencadena este bot, envía el postulante a la tabla de no aprobado si recibe un concepto negativo y en caso positivo lo envía a una tabla de aprobados; adicional a esto la información del postulante aprobado por el líder pasa a las tablas de los 7 procesos."},"connectionReferences":{"shared_microsoftforms":{"connectionName":"shared-microsoftform-262df7e2-2f8b-4534-9163-fa10bdddd331","source":"Embedded","id":"/providers/Microsoft.PowerApps/apis/shared_microsoftforms","tier":"NotSpecified"},"shared_excelonlinebusiness_2":{"connectionName":"shared-excelonlinebu-88221fb7-84dd-4eac-be15-e697affa73b3","source":"Embedded","id":"/providers/Microsoft.PowerApps/apis/shared_excelonlinebusiness","tier":"NotSpecified"},"shared_excelonlinebusiness":{"connectionName":"shared-excelonlinebu-88221fb7-84dd-4eac-be15-e697affa73b3","source":"Embedded","id":"/providers/Microsoft.PowerApps/apis/shared_excelonlinebusiness","tier":"NotSpecified"},"shared_office365":{"connectionName":"shared-office365-3bc666e1-692b-4abb-a710-529dabe7cd43","source":"Embedded","id":"/providers/Microsoft.PowerApps/apis/shared_office365","tier":"NotSpecified"},"shared_sharepointonline_1":{"connectionName":"shared-sharepointonl-ae9a7a6a-01fd-437a-a990-8fff31f7a664","source":"Embedded","id":"/providers/Microsoft.PowerApps/apis/shared_sharepointonline","tier":"NotSpecified"}},"flowFailureAlertSubscribed":false,"isManaged":false}}