{"name":"f1bd91f5-b644-4e27-8d4f-cf5d82de853f","id":"/providers/Microsoft.Flow/flows/f1bd91f5-b644-4e27-8d4f-cf5d82de853f","type":"Microsoft.Flow/flows","properties":{"apiId":"/providers/Microsoft.PowerApps/apis/shared_logicflows","displayName":"Copy of - Valoracion 360 - Registrar Origen de Datos DO","definition":{"metadata":{"workflowEntityId":null,"processAdvisorMetadata":null,"flowChargedByPaygo":null,"flowclientsuspensionreason":"None","flowclientsuspensiontime":null,"flowclientsuspensionreasondetails":null,"creator":{"id":"cf999034-e3c2-41fe-a9b6-90ef2e3f5c48","type":"User","tenantId":"d6a2ecba-dd2a-4f0c-a632-6798e31995bb"},"provisioningMethod":"FromDefinition","failureAlertSubscription":true,"clientLastModifiedTime":"2024-07-22T18:39:56.9387729Z","connectionKeySavedTimeKey":"2024-07-22T18:39:56.9387729Z"},"$schema":"https://schema.management.azure.com/providers/Microsoft.Logic/schemas/2016-06-01/workflowdefinition.json#","contentVersion":"1.0.0.0","parameters":{"$connections":{"defaultValue":{},"type":"Object"},"$authentication":{"defaultValue":{},"type":"SecureObject"}},"triggers":{"Recurrence":{"recurrence":{"frequency":"Day","interval":1,"timeZone":"SA Pacific Standard Time","startTime":"2022-09-02T18:00:00.000Z","schedule":{"hours":["15"]}},"metadata":{"operationMetadataId":"6d7f4f1a-65ed-42d6-91f1-7b7e445c2fa5"},"type":"Recurrence"}},"actions":{"Enumerar_las_filas_de_una_tabla_APROBADOS":{"runAfter":{"Enumerar_las_filas_de_una_tabla_DO":["Succeeded"]},"metadata":{"01WJMIVX4KD6YCBSZBUBFLPULAF73DTGXL":"/Selección MVP - Plan Carrera/PlanCarrera.xlsx","operationMetadataId":"f3c4c085-0251-48cb-8248-7c642d5b289b","tableId":"{00000000-000C-0000-FFFF-FFFF0A000000}","01WJMIVX4TPGAK7A7MA5GLZZBUXNDGWGH2":"/Seleccion MVP - Plan Carrera/PlanCarrera.xlsx","01ER4TYAYFJOIHYAIPSFAYZQDNEVCLIJHZ":"/Valoracion 360/Seleccion MVP - Plan Talento/Plan_Talento.xlsx","01ER4TYA5ETMUQPIWPDZALINZAUZPZ56M3":"/Valoracion 360/Seleccion MVP - Plan Talento/Plan_Talento.xlsx","01ER4TYA5GTMVOOEDJB5FJORG4S7ZP7Z3D":"/Valoracion 360/Seleccion MVP - Plan Talento/Plan_Talento.xlsx","01ER4TYA4V5EBHATQNOBAKBUUANV4QUYBB":"/Valoracion 360/Seleccion MVP - Plan Talento/Plan_Talento-Copia.xlsx","01ER4TYA4U4JRYT7NWN5G3O3OS53NLV2RK":"/Valoracion 360/Seleccion MVP - Plan Talento/Plan_Talento.xlsx"},"type":"OpenApiConnection","inputs":{"host":{"apiId":"/providers/Microsoft.PowerApps/apis/shared_excelonlinebusiness","connectionName":"shared_excelonlinebusiness_6","operationId":"GetItems"},"parameters":{"source":"me","drive":"b!214-VVQAF0KOwwCog90bNCVotCkVLNtGtS0t9CuNf3krnXfdbYLbSoWI_5AmPGqE","file":"01ER4TYA4U4JRYT7NWN5G3O3OS53NLV2RK","table":"{00000000-000C-0000-FFFF-FFFF0A000000}","$filter":"Persona_Seleccionada_Cargo eq 'SELECCIONADO'"},"authentication":"@parameters('$authentication')"}},"Enumerar_las_filas_de_una_tabla_DO":{"runAfter":{},"metadata":{"01ER4TYA2KOTWJ3Y7MMVDLBWENDZCEHUHC":"/Valoracion 360/Desarrollo Humano/Desarrollo_Humano.xlsx","operationMetadataId":"ebdbde18-8d53-4e27-8209-7b4fde827a43","tableId":"{00000000-000C-0000-FFFF-FFFF00000000}","01ER4TYA5XSWFMYM63AFHLUCTGKX7RZ7ES":"/Valoracion 360/Desarrollo Humano/Desarrollo_Humano-Copia.xlsx","01ER4TYA766JUBSFOBBRHIMIP57A2IY662":"/Valoracion 360/Desarrollo Humano/Desarrollo_Humano-Copia.xlsx","01ER4TYAYOOKENQJD7VNDYAAQW5TL3CNYG":"/Valoracion 360/Desarrollo Humano/Desarrollo_Humano.xlsx"},"type":"OpenApiConnection","inputs":{"host":{"apiId":"/providers/Microsoft.PowerApps/apis/shared_excelonlinebusiness","connectionName":"shared_excelonlinebusiness_6","operationId":"GetItems"},"parameters":{"source":"me","drive":"b!214-VVQAF0KOwwCog90bNCVotCkVLNtGtS0t9CuNf3krnXfdbYLbSoWI_5AmPGqE","file":"01ER4TYAYOOKENQJD7VNDYAAQW5TL3CNYG","table":"{00000000-000C-0000-FFFF-FFFF00000000}"},"authentication":"@parameters('$authentication')"}},"Enumerar_las_filas_de_una_tabla_Postulantes":{"runAfter":{"Enumerar_las_filas_de_una_tabla_APROBADOS":["Succeeded"]},"metadata":{"01ER4TYA2KOTWJ3Y7MMVDLBWENDZCEHUHC":"/Valoracion 360/Desarrollo Humano/Desarrollo_Humano.xlsx","operationMetadataId":"ebdbde18-8d53-4e27-8209-7b4fde827a43","tableId":"{00000000-000C-0000-FFFF-FFFF00000000}","01ER4TYA5XSWFMYM63AFHLUCTGKX7RZ7ES":"/Valoracion 360/Desarrollo Humano/Desarrollo_Humano-Copia.xlsx","01ER4TYA4V5EBHATQNOBAKBUUANV4QUYBB":"/Valoracion 360/Seleccion MVP - Plan Talento/Plan_Talento-Copia.xlsx","01ER4TYA4U4JRYT7NWN5G3O3OS53NLV2RK":"/Valoracion 360/Seleccion MVP - Plan Talento/Plan_Talento.xlsx"},"type":"OpenApiConnection","inputs":{"host":{"apiId":"/providers/Microsoft.PowerApps/apis/shared_excelonlinebusiness","connectionName":"shared_excelonlinebusiness_6","operationId":"GetItems"},"parameters":{"source":"me","drive":"b!214-VVQAF0KOwwCog90bNCVotCkVLNtGtS0t9CuNf3krnXfdbYLbSoWI_5AmPGqE","file":"01ER4TYA4U4JRYT7NWN5G3O3OS53NLV2RK","table":"{00000000-000C-0000-FFFF-FFFF00000000}"},"authentication":"@parameters('$authentication')"}},"Delay":{"runAfter":{"Enumerar_las_filas_de_una_tabla_Postulantes":["Succeeded"]},"metadata":{"operationMetadataId":"00fa21e5-5229-4fdb-9085-9ffe62146fec"},"type":"Wait","inputs":{"interval":{"count":10,"unit":"Second"}}},"APROBADOS":{"foreach":"@outputs('Enumerar_las_filas_de_una_tabla_APROBADOS')?['body/value']","actions":{"Condition":{"actions":{"Agregar_una_fila_a_una_tabla_DO":{"runAfter":{},"metadata":{"01WJMIVX54N74MDTTEDBBLMQTU5E4G4RCM":"/Desarrollo Organizacional/Desarrollo_Organizacional.xlsx","operationMetadataId":"0f9b81da-7913-45c2-bcaf-d61d0030dfac","tableId":"DO","01ER4TYA2KOTWJ3Y7MMVDLBWENDZCEHUHC":"/Valoracion 360/Desarrollo Humano/Desarrollo_Humano.xlsx","01ER4TYA5XSWFMYM63AFHLUCTGKX7RZ7ES":"/Valoracion 360/Desarrollo Humano/Desarrollo_Humano-Copia.xlsx","01ER4TYA766JUBSFOBBRHIMIP57A2IY662":"/Valoracion 360/Desarrollo Humano/Desarrollo_Humano-Copia.xlsx","01ER4TYAYOOKENQJD7VNDYAAQW5TL3CNYG":"/Valoracion 360/Desarrollo Humano/Desarrollo_Humano.xlsx"},"type":"OpenApiConnection","inputs":{"host":{"apiId":"/providers/Microsoft.PowerApps/apis/shared_excelonlinebusiness","connectionName":"shared_excelonlinebusiness_6","operationId":"AddRowV2"},"parameters":{"source":"me","drive":"b!214-VVQAF0KOwwCog90bNCVotCkVLNtGtS0t9CuNf3krnXfdbYLbSoWI_5AmPGqE","file":"01ER4TYAYOOKENQJD7VNDYAAQW5TL3CNYG","table":"DO","item/Id":"@items('APROBADOS')?['Id']","item/Fecha Entrada":"@utcNow('dd/MM/yyyy')","item/Nombre completo":"@items('APROBADOS')?['Nombre de quien solicita']","item/Cédula":"@items('APROBADOS')?['Documento']","item/Número de contacto":"@items('APROBADOS')?['Número de contacto']","item/Correo electrónico ":"@items('APROBADOS')?['Correo']","item/Proceso":"@items('APROBADOS')?['Area']","item/Zona":"@items('APROBADOS')?['Zona']","item/Oficina":"@items('APROBADOS')?['Oficina']","item/Cargo actual":"@items('APROBADOS')?['Cargo del solicitante']","item/Empresa":"@items('APROBADOS')?['Empresa']","item/Fecha Cambio Cargo":"@utcNow('dd/MM/yyyy')","item/Cargo vacante":"@items('APROBADOS')?['Cargo a solicitar']","item/Nombre del lider Actual":"@items('APROBADOS')?['Nombre Lider']","item/Lider Nuevo Cargo":"@items('APROBADOS')?['Nombre Lider Nuevo']","item/Correo Nuevo Lider":"@items('APROBADOS')?['Correo de Lider Nuevo']","item/Estado":"INCOMPLETO","item/Enviado":"PENDIENTE"},"authentication":"@parameters('$authentication')"}},"Actualizar_una_fila_Tabla_APROBADOS":{"runAfter":{"Agregar_una_fila_a_una_tabla_DO":["Succeeded"]},"metadata":{"01ER4TYA5ETMUQPIWPDZALINZAUZPZ56M3":"/Valoracion 360/Seleccion MVP - Plan Talento/Plan_Talento.xlsx","operationMetadataId":"cc8fb177-121c-4196-b272-0601e4d14b9e","tableId":"{00000000-000C-0000-FFFF-FFFF0A000000}","01ER4TYA5GTMVOOEDJB5FJORG4S7ZP7Z3D":"/Valoracion 360/Seleccion MVP - Plan Talento/Plan_Talento.xlsx","01ER4TYA4V5EBHATQNOBAKBUUANV4QUYBB":"/Valoracion 360/Seleccion MVP - Plan Talento/Plan_Talento-Copia.xlsx","01ER4TYA4U4JRYT7NWN5G3O3OS53NLV2RK":"/Valoracion 360/Seleccion MVP - Plan Talento/Plan_Talento.xlsx"},"type":"OpenApiConnection","inputs":{"host":{"apiId":"/providers/Microsoft.PowerApps/apis/shared_excelonlinebusiness","connectionName":"shared_excelonlinebusiness","operationId":"PatchItem"},"parameters":{"source":"me","drive":"b!214-VVQAF0KOwwCog90bNCVotCkVLNtGtS0t9CuNf3krnXfdbYLbSoWI_5AmPGqE","file":"01ER4TYA4U4JRYT7NWN5G3O3OS53NLV2RK","table":"{00000000-000C-0000-FFFF-FFFF0A000000}","idColumn":"Id","id":"@items('APROBADOS')?['Id']","item/TrasladoDO":"CERRADO"},"authentication":"@parameters('$authentication')"}}},"runAfter":{},"expression":{"and":[{"startsWith":["@items('APROBADOS')?['TrasladoDO']","PENDIENTE"]},{"startsWith":["@items('APROBADOS')?['Persona_Seleccionada_Cargo']","SELECCIONADO"]},{"startsWith":["@items('APROBADOS')?['Seleccionado']","TERMINADO"]}]},"metadata":{"operationMetadataId":"d0bb83b8-74de-4931-804c-3d4e07830c4a"},"type":"If"}},"runAfter":{"Delay":["Succeeded"]},"metadata":{"operationMetadataId":"395dbd7a-6fe8-4912-9a88-142d62156cb6"},"type":"Foreach"}},"description":"Bot que se ejecuta de manera recurrente, se encarga de leer a las personas seleccionadas en la hoja de aprobados y llevar su información al origen de datos de Desarrollo organizacional"},"connectionReferences":{"shared_excelonlinebusiness_6":{"connectionName":"shared-excelonlinebu-88221fb7-84dd-4eac-be15-e697affa73b3","source":"Embedded","id":"/providers/Microsoft.PowerApps/apis/shared_excelonlinebusiness","tier":"NotSpecified"},"shared_excelonlinebusiness":{"connectionName":"shared-excelonlinebu-88221fb7-84dd-4eac-be15-e697affa73b3","source":"Embedded","id":"/providers/Microsoft.PowerApps/apis/shared_excelonlinebusiness","tier":"NotSpecified"}},"flowFailureAlertSubscribed":false,"isManaged":false}}