{"name":"f7e40a45-6fc7-40dc-942a-cb3a01c3dc09","id":"/providers/Microsoft.Flow/flows/f7e40a45-6fc7-40dc-942a-cb3a01c3dc09","type":"Microsoft.Flow/flows","properties":{"apiId":"/providers/Microsoft.PowerApps/apis/shared_logicflows","displayName":"Copy of - Valoración 360 - NuevosAprobados","definition":{"metadata":{"workflowEntityId":null,"processAdvisorMetadata":null,"flowChargedByPaygo":null,"flowclientsuspensionreason":"None","flowclientsuspensiontime":null,"flowclientsuspensionreasondetails":null,"creator":{"id":"cf999034-e3c2-41fe-a9b6-90ef2e3f5c48","type":"User","tenantId":"d6a2ecba-dd2a-4f0c-a632-6798e31995bb"},"provisioningMethod":"FromDefinition","failureAlertSubscription":true,"clientLastModifiedTime":"2024-07-22T18:34:10.9488617Z","connectionKeySavedTimeKey":"2024-07-22T18:34:10.9488617Z"},"$schema":"https://schema.management.azure.com/providers/Microsoft.Logic/schemas/2016-06-01/workflowdefinition.json#","contentVersion":"1.0.0.0","parameters":{"$connections":{"defaultValue":{},"type":"Object"},"$authentication":{"defaultValue":{},"type":"SecureObject"}},"triggers":{"Recurrence":{"recurrence":{"frequency":"Day","interval":3,"timeZone":"SA Pacific Standard Time","startTime":"2024-01-26T09:00:00Z","schedule":{"hours":["8"]}},"metadata":{"operationMetadataId":"90dc053d-0dc9-408d-9900-372f7f6d8e1a"},"type":"Recurrence"}},"actions":{"Aplicar_a_cada_uno_Tabla_APROBADO":{"foreach":"@outputs('APROBADOS_-_Enumerar_las_filas_de_una_tabla')?['body/value']","actions":{"aplicar_a_cada_uno_Tabla_RESUMEN":{"foreach":"@outputs('RESUMEN_-_Enumerar_las_filas_de_una_tabla')?['body/value']","actions":{"condition":{"actions":{"Crear_elemento":{"runAfter":{},"metadata":{"operationMetadataId":"ba12f277-8e72-4f9c-a29f-24df0bbbae3c"},"type":"OpenApiConnection","inputs":{"host":{"apiId":"/providers/Microsoft.PowerApps/apis/shared_sharepointonline","connectionName":"shared_sharepointonline_1","operationId":"PostItem"},"parameters":{"dataset":"https://ganasa.sharepoint.com/sites/Plan_Carrera","table":"849da6e6-a02a-4606-a5c2-e191ddb14c5a","item/Title":"Aprobados","item/Identificador":"@items('Aplicar_a_cada_uno_Tabla_APROBADO')?['Id']","item/Nombrecompleto":"@items('Aplicar_a_cada_uno_Tabla_APROBADO')?['Nombre de quien solicita']","item/Documento":"@items('Aplicar_a_cada_uno_Tabla_APROBADO')?['Documento']","item/Correo":"@items('Aplicar_a_cada_uno_Tabla_APROBADO')?['Correo']","item/N_x00fa_merodeContacto":"@items('Aplicar_a_cada_uno_Tabla_APROBADO')?['Número de contacto']","item/Cargoactual":"@items('Aplicar_a_cada_uno_Tabla_APROBADO')?['Cargo del solicitante']","item/Cargoasolicitar":"@items('Aplicar_a_cada_uno_Tabla_APROBADO')?['Cargo a solicitar']","item/NombredelL_x00ed_der":"@items('Aplicar_a_cada_uno_Tabla_APROBADO')?['Nombre Lider']","item/ConceptodelL_x00ed_der":"@items('aplicar_a_cada_uno_Tabla_RESUMEN')?['Concepto del Líder']","item/ComentariodelL_x00ed_der":"@items('aplicar_a_cada_uno_Tabla_RESUMEN')?['Comentario del Líder']","item/Observaci_x00f3_nRL":"@items('aplicar_a_cada_uno_Tabla_RESUMEN')?['RL']","item/Observaci_x00f3_nSST":"@items('aplicar_a_cada_uno_Tabla_RESUMEN')?['SST']","item/Observaci_x00f3_nCV":"No aplica","item/Observaci_x00f3_nDH":"No aplica","item/Observaci_x00f3_nCOM":"No aplica","item/Observaci_x00f3_nEXP":"No aplica","item/Observaci_x00f3_nPOE":"No aplica","item/Estado":"ABIERTO"},"authentication":"@parameters('$authentication')"}},"Actualizar_una_fila_RESUMEN":{"runAfter":{"Crear_elemento":["Succeeded"]},"metadata":{"01ER4TYAYFJOIHYAIPSFAYZQDNEVCLIJHZ":"/Valoracion 360/Seleccion MVP - Plan Talento/Plan_Talento.xlsx","operationMetadataId":"f56175be-0e34-44c3-b850-e196d0fedfef","tableId":"{E35EEC33-4976-4245-8656-0710D4DA2514}","01ER4TYA5ETMUQPIWPDZALINZAUZPZ56M3":"/Valoracion 360/Seleccion MVP - Plan Talento/Plan_Talento.xlsx","01ER4TYA5GTMVOOEDJB5FJORG4S7ZP7Z3D":"/Valoracion 360/Seleccion MVP - Plan Talento/Plan_Talento.xlsx","01ER4TYA4V5EBHATQNOBAKBUUANV4QUYBB":"/Valoracion 360/Seleccion MVP - Plan Talento/Plan_Talento-Copia.xlsx","01ER4TYA4U4JRYT7NWN5G3O3OS53NLV2RK":"/Valoracion 360/Seleccion MVP - Plan Talento/Plan_Talento.xlsx"},"type":"OpenApiConnection","inputs":{"host":{"apiId":"/providers/Microsoft.PowerApps/apis/shared_excelonlinebusiness","connectionName":"shared_excelonlinebusiness","operationId":"PatchItem"},"parameters":{"source":"me","drive":"b!214-VVQAF0KOwwCog90bNCVotCkVLNtGtS0t9CuNf3krnXfdbYLbSoWI_5AmPGqE","file":"01ER4TYA4U4JRYT7NWN5G3O3OS53NLV2RK","table":"{E35EEC33-4976-4245-8656-0710D4DA2514}","idColumn":"Id","id":"@items('Aplicar_a_Cada_uno_Tabla_Resumen')?['Id']","item/EstadoResumen":"CERRADO"},"authentication":"@parameters('$authentication')"}}},"runAfter":{},"expression":{"and":[{"equals":["@items('aplicar_a_cada_uno_Tabla_RESUMEN')?['Id']","@items('Aplicar_a_cada_uno_Tabla_APROBADO')?['Id']"]},{"startsWith":["@items('aplicar_a_cada_uno_Tabla_RESUMEN')?['Desición']","APROBADO"]},{"startsWith":["@items('aplicar_a_cada_uno_Tabla_RESUMEN')?['EstadoResumen']","PENDIENTE"]}]},"metadata":{"operationMetadataId":"49f9b8db-b245-4f53-bce1-fb37dbe9ffb9"},"type":"If"}},"runAfter":{},"metadata":{"operationMetadataId":"23745ddf-1323-40bc-8d3c-20bb66479827"},"type":"Foreach"}},"runAfter":{"APROBADOS_-_Enumerar_las_filas_de_una_tabla":["Succeeded"]},"metadata":{"operationMetadataId":"dcf03983-bd63-4f6c-8423-c3165c20124f"},"type":"Foreach"},"RESUMEN_-_Enumerar_las_filas_de_una_tabla":{"runAfter":{},"metadata":{"01ER4TYA5ETMUQPIWPDZALINZAUZPZ56M3":"/Valoracion 360/Seleccion MVP - Plan Talento/Plan_Talento.xlsx","operationMetadataId":"4cd68ad2-55d9-44fc-bca9-9f4a69f68aaa","tableId":"{E35EEC33-4976-4245-8656-0710D4DA2514}","01ER4TYA5GTMVOOEDJB5FJORG4S7ZP7Z3D":"/Valoracion 360/Seleccion MVP - Plan Talento/Plan_Talento.xlsx","01ER4TYA4V5EBHATQNOBAKBUUANV4QUYBB":"/Valoracion 360/Seleccion MVP - Plan Talento/Plan_Talento-Copia.xlsx","01ER4TYA4U4JRYT7NWN5G3O3OS53NLV2RK":"/Valoracion 360/Seleccion MVP - Plan Talento/Plan_Talento.xlsx"},"type":"OpenApiConnection","inputs":{"host":{"apiId":"/providers/Microsoft.PowerApps/apis/shared_excelonlinebusiness","connectionName":"shared_excelonlinebusiness","operationId":"GetItems"},"parameters":{"source":"me","drive":"b!214-VVQAF0KOwwCog90bNCVotCkVLNtGtS0t9CuNf3krnXfdbYLbSoWI_5AmPGqE","file":"01ER4TYA4U4JRYT7NWN5G3O3OS53NLV2RK","table":"{E35EEC33-4976-4245-8656-0710D4DA2514}"},"authentication":"@parameters('$authentication')"},"runtimeConfiguration":{"paginationPolicy":{"minimumItemCount":5000},"secureData":{"properties":["inputs","outputs"]}}},"APROBADOS_-_Enumerar_las_filas_de_una_tabla":{"runAfter":{"RESUMEN_-_Enumerar_las_filas_de_una_tabla":["Succeeded"]},"metadata":{"01ER4TYA5ETMUQPIWPDZALINZAUZPZ56M3":"/Valoracion 360/Seleccion MVP - Plan Talento/Plan_Talento.xlsx","operationMetadataId":"9b83429d-4f14-41bc-bbe4-6d6feb5cc2ae","tableId":"{00000000-000C-0000-FFFF-FFFF0A000000}","01ER4TYA5GTMVOOEDJB5FJORG4S7ZP7Z3D":"/Valoracion 360/Seleccion MVP - Plan Talento/Plan_Talento.xlsx","01ER4TYA4V5EBHATQNOBAKBUUANV4QUYBB":"/Valoracion 360/Seleccion MVP - Plan Talento/Plan_Talento-Copia.xlsx","01ER4TYA4U4JRYT7NWN5G3O3OS53NLV2RK":"/Valoracion 360/Seleccion MVP - Plan Talento/Plan_Talento.xlsx"},"type":"OpenApiConnection","inputs":{"host":{"apiId":"/providers/Microsoft.PowerApps/apis/shared_excelonlinebusiness","connectionName":"shared_excelonlinebusiness","operationId":"GetItems"},"parameters":{"source":"me","drive":"b!214-VVQAF0KOwwCog90bNCVotCkVLNtGtS0t9CuNf3krnXfdbYLbSoWI_5AmPGqE","file":"01ER4TYA4U4JRYT7NWN5G3O3OS53NLV2RK","table":"{00000000-000C-0000-FFFF-FFFF0A000000}"},"authentication":"@parameters('$authentication')"},"runtimeConfiguration":{"paginationPolicy":{"minimumItemCount":5000},"secureData":{"properties":["inputs","outputs"]}}}}},"connectionReferences":{"shared_sharepointonline_1":{"connectionName":"shared-sharepointonl-ae9a7a6a-01fd-437a-a990-8fff31f7a664","source":"Embedded","id":"/providers/Microsoft.PowerApps/apis/shared_sharepointonline","tier":"NotSpecified"},"shared_excelonlinebusiness":{"connectionName":"shared-excelonlinebu-88221fb7-84dd-4eac-be15-e697affa73b3","source":"Embedded","id":"/providers/Microsoft.PowerApps/apis/shared_excelonlinebusiness","tier":"NotSpecified"}},"flowFailureAlertSubscribed":false,"isManaged":false}}