{"name":"985c41b3-33e9-455b-8819-a6e05a5deab9","id":"/providers/Microsoft.Flow/flows/985c41b3-33e9-455b-8819-a6e05a5deab9","type":"Microsoft.Flow/flows","properties":{"apiId":"/providers/Microsoft.PowerApps/apis/shared_logicflows","displayName":"Copy of - Valoración 360 - Postulantes Seleccionados","definition":{"metadata":{"workflowEntityId":null,"processAdvisorMetadata":null,"flowChargedByPaygo":null,"flowclientsuspensionreason":"None","flowclientsuspensiontime":null,"flowclientsuspensionreasondetails":null,"creator":{"id":"cf999034-e3c2-41fe-a9b6-90ef2e3f5c48","type":"User","tenantId":"d6a2ecba-dd2a-4f0c-a632-6798e31995bb"},"provisioningMethod":"FromDefinition","failureAlertSubscription":false,"clientLastModifiedTime":"2024-07-22T18:36:35.1091424Z","connectionKeySavedTimeKey":"2024-07-22T18:36:35.1091424Z"},"$schema":"https://schema.management.azure.com/providers/Microsoft.Logic/schemas/2016-06-01/workflowdefinition.json#","contentVersion":"1.0.0.0","parameters":{"$connections":{"defaultValue":{},"type":"Object"},"$authentication":{"defaultValue":{},"type":"SecureObject"}},"triggers":{"When_an_item_is_created_or_modified":{"recurrence":{"frequency":"Minute","interval":1},"splitOn":"@triggerOutputs()?['body/value']","metadata":{"operationMetadataId":"e36c01e6-63a8-4c43-813d-889bd412f51c"},"type":"OpenApiConnection","inputs":{"host":{"apiId":"/providers/Microsoft.PowerApps/apis/shared_sharepointonline","connectionName":"shared_sharepointonline_1","operationId":"GetOnUpdatedItems"},"parameters":{"dataset":"https://ganasa.sharepoint.com/sites/Plan_Carrera","table":"849da6e6-a02a-4606-a5c2-e191ddb14c5a"},"authentication":"@parameters('$authentication')"}}},"actions":{"Enumerar_las_filas_de_una_tabla_APROBADOS":{"runAfter":{"Delay":["Succeeded"]},"metadata":{"01ER4TYAYFJOIHYAIPSFAYZQDNEVCLIJHZ":"/Valoracion 360/Seleccion MVP - Plan Talento/Plan_Talento.xlsx","operationMetadataId":"c283ddd1-128c-4d3d-833c-260ba770674f","tableId":"{00000000-000C-0000-FFFF-FFFF0A000000}","01ER4TYA5ETMUQPIWPDZALINZAUZPZ56M3":"/Valoracion 360/Seleccion MVP - Plan Talento/Plan_Talento.xlsx","01ER4TYA5GTMVOOEDJB5FJORG4S7ZP7Z3D":"/Valoracion 360/Seleccion MVP - Plan Talento/Plan_Talento.xlsx","01ER4TYA4V5EBHATQNOBAKBUUANV4QUYBB":"/Valoracion 360/Seleccion MVP - Plan Talento/Plan_Talento-Copia.xlsx","01ER4TYA4U4JRYT7NWN5G3O3OS53NLV2RK":"/Valoracion 360/Seleccion MVP - Plan Talento/Plan_Talento.xlsx"},"type":"OpenApiConnection","inputs":{"host":{"apiId":"/providers/Microsoft.PowerApps/apis/shared_excelonlinebusiness","connectionName":"shared_excelonlinebusiness","operationId":"GetItems"},"parameters":{"source":"me","drive":"b!214-VVQAF0KOwwCog90bNCVotCkVLNtGtS0t9CuNf3krnXfdbYLbSoWI_5AmPGqE","file":"01ER4TYA4U4JRYT7NWN5G3O3OS53NLV2RK","table":"{00000000-000C-0000-FFFF-FFFF0A000000}"},"authentication":"@parameters('$authentication')"},"runtimeConfiguration":{"paginationPolicy":{"minimumItemCount":5000},"secureData":{"properties":["inputs","outputs"]}}},"Aplicar_a_cada_Uno":{"foreach":"@outputs('Enumerar_las_filas_de_una_tabla_APROBADOS')?['body/value']","actions":{"Condition":{"actions":{"Send_an_email_(V2)":{"runAfter":{},"metadata":{"operationMetadataId":"66624aa2-39fc-481c-93d7-bbb47601f66b"},"type":"OpenApiConnection","inputs":{"host":{"apiId":"/providers/Microsoft.PowerApps/apis/shared_office365","connectionName":"shared_office365","operationId":"SendEmailV2"},"parameters":{"emailMessage/To":"@items('Aplicar_a_cada_Uno')?['Correo']","emailMessage/Subject":"¡Excelentes noticias! Tu talento nos ha conquistado.","emailMessage/Body":"<p>¡Hola @{items('Aplicar_a_cada_Uno')?['Nombre de quien solicita']}!<br>\n<br>\nReconocemos y agrademos que te atrevieras a seguir creciendo junto con nosotros, valoramos tu talento y toda la magia que te caracteriza. <br>\n<br>\nPor ello, agradecemos tu interés y disposición al participar del proceso interno para “@{items('Aplicar_a_cada_Uno')?['Cargo a solicitar']}” y nos sentimos muy felices de darte la gran noticia que de acuerdo con la valoración realizada y a las validaciones pertinentes has sido seleccionado para el cargo. <br>\n<br>\nTe invitamos a que sigas construyendo tu camino con nosotros y demostrando tu potencial, así mismo que estés pendiente de tus medios de contacto, ya que, el proceso de Gestión del Conocimiento y Talento te seguirá acompañando en el proceso de cierre de brechas de Plan Talento.<br>\n<br>\n<strong>*Este es un correo que se envía automáticamente, por favor no responder.</strong><br>\n</p>\n<p style=\"text-align: center;\">\n<img src=\"https://www.gruporeditos.com/wp-content/uploads/2024/07/FIRMA-PLAN-TALENTO-768x155.jpg\" width=\"800\" height=\"auto\">\n</p>","emailMessage/Importance":"Normal"},"authentication":"@parameters('$authentication')"}},"Actualizar_una_fila_2":{"runAfter":{"Send_an_email_(V2)":["Succeeded"]},"metadata":{"01ER4TYA5ETMUQPIWPDZALINZAUZPZ56M3":"/Valoracion 360/Seleccion MVP - Plan Talento/Plan_Talento.xlsx","operationMetadataId":"cc8fb177-121c-4196-b272-0601e4d14b9e","tableId":"{00000000-000C-0000-FFFF-FFFF0A000000}","01ER4TYA5GTMVOOEDJB5FJORG4S7ZP7Z3D":"/Valoracion 360/Seleccion MVP - Plan Talento/Plan_Talento.xlsx","01ER4TYA4V5EBHATQNOBAKBUUANV4QUYBB":"/Valoracion 360/Seleccion MVP - Plan Talento/Plan_Talento-Copia.xlsx","01ER4TYA4U4JRYT7NWN5G3O3OS53NLV2RK":"/Valoracion 360/Seleccion MVP - Plan Talento/Plan_Talento.xlsx"},"type":"OpenApiConnection","inputs":{"host":{"apiId":"/providers/Microsoft.PowerApps/apis/shared_excelonlinebusiness","connectionName":"shared_excelonlinebusiness","operationId":"PatchItem"},"parameters":{"source":"me","drive":"b!214-VVQAF0KOwwCog90bNCVotCkVLNtGtS0t9CuNf3krnXfdbYLbSoWI_5AmPGqE","file":"01ER4TYA4U4JRYT7NWN5G3O3OS53NLV2RK","table":"{00000000-000C-0000-FFFF-FFFF0A000000}","idColumn":"Id","id":"@triggerOutputs()?['body/Identificador']","item/Estado":"ENVIADO","item/Fecha Envio":"@body('Convertir_la_zona_horaria')","item/Seleccionado":"SELECCIONADO","item/Persona_Seleccionada_Cargo":"@triggerOutputs()?['body/Decisi_x00f3_n/Value']"},"authentication":"@parameters('$authentication')"}}},"runAfter":{},"else":{"actions":{"Condition_2":{"actions":{},"runAfter":{},"else":{"actions":{"Update_a_row":{"runAfter":{},"metadata":{"01ER4TYA4V5EBHATQNOBAKBUUANV4QUYBB":"/Valoracion 360/Seleccion MVP - Plan Talento/Plan_Talento-Copia.xlsx","operationMetadataId":"1c3173cd-a443-4227-890e-4f857927ba81","tableId":"{00000000-000C-0000-FFFF-FFFF0A000000}","01ER4TYA4U4JRYT7NWN5G3O3OS53NLV2RK":"/Valoracion 360/Seleccion MVP - Plan Talento/Plan_Talento.xlsx"},"type":"OpenApiConnection","inputs":{"host":{"apiId":"/providers/Microsoft.PowerApps/apis/shared_excelonlinebusiness","connectionName":"shared_excelonlinebusiness","operationId":"PatchItem"},"parameters":{"source":"me","drive":"b!214-VVQAF0KOwwCog90bNCVotCkVLNtGtS0t9CuNf3krnXfdbYLbSoWI_5AmPGqE","file":"01ER4TYA4U4JRYT7NWN5G3O3OS53NLV2RK","table":"{00000000-000C-0000-FFFF-FFFF0A000000}","idColumn":"Id","id":"@triggerOutputs()?['body/Identificador']","item/TrasladoDO":"NO SELECCIONADO","item/Seleccionado":"NO SELECCIONADO","item/Persona_Seleccionada_Cargo":"@triggerOutputs()?['body/Decisi_x00f3_n/Value']"},"authentication":"@parameters('$authentication')"}}}},"expression":{"startsWith":["@triggerOutputs()?['body/Decisi_x00f3_n/Value']","SELECCIONADO"]},"metadata":{"operationMetadataId":"dcab5794-af4e-4a89-b7f1-2999a0de8e51"},"type":"If"}}},"expression":{"and":[{"equals":["@items('Aplicar_a_cada_Uno')?['Id']","@triggerOutputs()?['body/Identificador']"]},{"startsWith":["@items('Aplicar_a_cada_Uno')?['Seleccionado']","PENDIENTE"]},{"startsWith":["@triggerOutputs()?['body/Decisi_x00f3_n/Value']","SELECCIONADO"]}]},"metadata":{"operationMetadataId":"da45d2b3-14ef-4f4c-8b0f-8ff251615c7a"},"type":"If"}},"runAfter":{"Enumerar_las_filas_de_una_tabla_APROBADOS":["Succeeded"]},"metadata":{"operationMetadataId":"611b40cd-7c37-44ee-a5ce-e8334f7d5ba4"},"type":"Foreach"},"Delay":{"runAfter":{"Convertir_la_zona_horaria":["Succeeded"]},"metadata":{"operationMetadataId":"ce2afb45-1f6f-458e-bd5b-22c463860b96"},"type":"Wait","inputs":{"interval":{"count":10,"unit":"Second"}}},"Convertir_la_zona_horaria":{"runAfter":{"Hora_actual":["Succeeded"]},"metadata":{"operationMetadataId":"5d472a31-4a60-4807-b5c7-48dedcade2ad"},"type":"Expression","kind":"ConvertTimeZone","inputs":{"baseTime":"@body('Hora_actual')","formatString":"g","sourceTimeZone":"SA Pacific Standard Time","destinationTimeZone":"SA Pacific Standard Time"}},"Hora_actual":{"runAfter":{},"metadata":{"operationMetadataId":"c80a3957-6527-4339-a25a-24774a59d05f"},"type":"Expression","kind":"CurrentTime","inputs":{}}}},"connectionReferences":{"shared_excelonlinebusiness":{"connectionName":"shared-excelonlinebu-88221fb7-84dd-4eac-be15-e697affa73b3","source":"Embedded","id":"/providers/Microsoft.PowerApps/apis/shared_excelonlinebusiness","tier":"NotSpecified"},"shared_office365":{"connectionName":"shared-office365-3bc666e1-692b-4abb-a710-529dabe7cd43","source":"Embedded","id":"/providers/Microsoft.PowerApps/apis/shared_office365","tier":"NotSpecified"},"shared_sharepointonline_1":{"connectionName":"shared-sharepointonl-ae9a7a6a-01fd-437a-a990-8fff31f7a664","source":"Embedded","id":"/providers/Microsoft.PowerApps/apis/shared_sharepointonline","tier":"NotSpecified"}},"flowFailureAlertSubscribed":false,"isManaged":false}}