{"name":"9e93e61a-571d-4c06-9183-5d8d03bda2dd","id":"/providers/Microsoft.Flow/flows/9e93e61a-571d-4c06-9183-5d8d03bda2dd","type":"Microsoft.Flow/flows","properties":{"apiId":"/providers/Microsoft.PowerApps/apis/shared_logicflows","displayName":"Copy of - Valoracion 360 - Nuevo Postulante","definition":{"metadata":{"workflowEntityId":null,"processAdvisorMetadata":null,"flowChargedByPaygo":null,"flowclientsuspensionreason":"None","flowclientsuspensiontime":null,"flowclientsuspensionreasondetails":null,"creator":{"id":"cf999034-e3c2-41fe-a9b6-90ef2e3f5c48","type":"User","tenantId":"d6a2ecba-dd2a-4f0c-a632-6798e31995bb"},"provisioningMethod":"FromDefinition","failureAlertSubscription":true,"clientLastModifiedTime":"2024-08-15T14:16:40.6916501Z","connectionKeySavedTimeKey":"2024-08-15T14:16:40.6916501Z"},"$schema":"https://schema.management.azure.com/providers/Microsoft.Logic/schemas/2016-06-01/workflowdefinition.json#","contentVersion":"1.0.0.0","parameters":{"$connections":{"defaultValue":{},"type":"Object"},"$authentication":{"defaultValue":{},"type":"SecureObject"}},"triggers":{"Cuando_se_envía_una_respuesta_nueva":{"splitOn":"@triggerOutputs()?['body/value']","metadata":{"operationMetadataId":"eaf5e541-d308-4926-a49e-6fc61195dfc1"},"type":"OpenApiConnectionWebhook","inputs":{"host":{"apiId":"/providers/Microsoft.PowerApps/apis/shared_microsoftforms","connectionName":"shared_microsoftforms","operationId":"CreateFormWebhook"},"parameters":{"form_id":"uuyi1irdDE-mMmeY4xmVu2T18zblSw1KvG8O_qAt4wlURENBS0xQUU5NWEJCT0xUNUhFQlFGREVBQy4u"},"authentication":"@parameters('$authentication')"}}},"actions":{"Obtener_los_detalles_de_la_respuesta":{"runAfter":{},"metadata":{"operationMetadataId":"fa77040e-4136-4b08-8f4c-c77a30bd1e57"},"type":"OpenApiConnection","inputs":{"host":{"apiId":"/providers/Microsoft.PowerApps/apis/shared_microsoftforms","connectionName":"shared_microsoftforms","operationId":"GetFormResponseById"},"parameters":{"form_id":"uuyi1irdDE-mMmeY4xmVu2T18zblSw1KvG8O_qAt4wlURENBS0xQUU5NWEJCT0xUNUhFQlFGREVBQy4u","response_id":"@triggerOutputs()?['body/resourceData/responseId']"},"authentication":"@parameters('$authentication')"}},"Agregar_una_fila_a_una_tabla":{"runAfter":{"Obtener_los_detalles_de_la_respuesta":["Succeeded"]},"metadata":{"01WJMIVX4KD6YCBSZBUBFLPULAF73DTGXL":"/Selección MVP - Plan Carrera/PlanCarrera.xlsx","operationMetadataId":"f93ae804-3de9-44d6-8e47-87138fdd2ef1","tableId":"{00000000-000C-0000-FFFF-FFFF00000000}","01WJMIVX4TPGAK7A7MA5GLZZBUXNDGWGH2":"/Seleccion MVP - Plan Carrera/PlanCarrera.xlsx","01ER4TYAYFJOIHYAIPSFAYZQDNEVCLIJHZ":"/Valoracion 360/Seleccion MVP - Plan Talento/Plan_Talento.xlsx","01ER4TYA5ETMUQPIWPDZALINZAUZPZ56M3":"/Valoracion 360/Seleccion MVP - Plan Talento/Plan_Talento.xlsx","01ER4TYA5GTMVOOEDJB5FJORG4S7ZP7Z3D":"/Valoracion 360/Seleccion MVP - Plan Talento/Plan_Talento.xlsx","01ER4TYA4V5EBHATQNOBAKBUUANV4QUYBB":"/Valoracion 360/Seleccion MVP - Plan Talento/Plan_Talento-Copia.xlsx","01ER4TYA4U4JRYT7NWN5G3O3OS53NLV2RK":"/Valoracion 360/Seleccion MVP - Plan Talento/Plan_Talento.xlsx"},"type":"OpenApiConnection","inputs":{"host":{"apiId":"/providers/Microsoft.PowerApps/apis/shared_excelonlinebusiness","connectionName":"shared_excelonlinebusiness","operationId":"AddRowV2"},"parameters":{"source":"me","drive":"b!214-VVQAF0KOwwCog90bNCVotCkVLNtGtS0t9CuNf3krnXfdbYLbSoWI_5AmPGqE","file":"01ER4TYA4U4JRYT7NWN5G3O3OS53NLV2RK","table":"{00000000-000C-0000-FFFF-FFFF00000000}","item/Fecha de postulacion":"@formatDateTime(utcNow(), 'dd/MM/yyyy')","item/Id":"@triggerOutputs()?['body/resourceData/responseId']","item/direccion":"@outputs('Obtener_los_detalles_de_la_respuesta')?['body/r4146614261cb460d9d2fb223806b976f']","item/Nombre Completo":"@outputs('Obtener_los_detalles_de_la_respuesta')?['body/rb022713b40c24dd9a71cafe039a37a48']","item/Tipo de Documento":"@outputs('Obtener_los_detalles_de_la_respuesta')?['body/r4aa0e6fe59784a469828e6aff6f185f1']","item/Documento ":"@outputs('Obtener_los_detalles_de_la_respuesta')?['body/rf4a2522598294647b10513c8252fa0ba']","item/Número telefonico":"@outputs('Obtener_los_detalles_de_la_respuesta')?['body/rca5ae91e78ca44deab1a75c5a7b0d3a1']","item/Correo corporativo o personal":"@outputs('Obtener_los_detalles_de_la_respuesta')?['body/r786bf1e95ff04143b1148dd14d0eaeb1']","item/Cargo actual":"@{outputs('Obtener_los_detalles_de_la_respuesta')?['body/r83f80becf2a3487690033eb0f90c16c2']}@{outputs('Obtener_los_detalles_de_la_respuesta')?['body/r2f957976a8d34356bf9ee566e25b8e4e']}","item/Proceso al que pertenece":"@outputs('Obtener_los_detalles_de_la_respuesta')?['body/r3f6c5791eed244f88ed72fc9220d8907']","item/Zona":"@outputs('Obtener_los_detalles_de_la_respuesta')?['body/r15f88c75f60d43cb91a3a6646f38a12b']","item/Area":"@outputs('Obtener_los_detalles_de_la_respuesta')?['body/r7d61ecb5d81049a0bec20a99703c0184']","item/Oficina":"@outputs('Obtener_los_detalles_de_la_respuesta')?['body/r6f71c8b1861047a792ce6fa8bdd7fe93']","item/Empresa a la que pertenece":"@outputs('Obtener_los_detalles_de_la_respuesta')?['body/rbc844661016744e38b268c68de295296']","item/Salario actual (sin bonificación)":"@outputs('Obtener_los_detalles_de_la_respuesta')?['body/r3ab8024d42614a949b46b922ae47a168']","item/Nombre del lider actual":"@outputs('Obtener_los_detalles_de_la_respuesta')?['body/rf7f6330f35c646ba8a498be598186d6e']","item/Correo del lider ":"@outputs('Obtener_los_detalles_de_la_respuesta')?['body/ra8d4f6a6775743dc8a1d336cd331bd8a']","item/Fecha de ingreso a la compañía":"@outputs('Obtener_los_detalles_de_la_respuesta')?['body/r0950322946964065a1574b96e1cef66b']","item/Cargo al que aplica":"@outputs('Obtener_los_detalles_de_la_respuesta')?['body/r076ecfc182964937ba5a46cb0720f84b']","item/Has participado en otras convocatorias?  Si ~1 No_x003a_":"@outputs('Obtener_los_detalles_de_la_respuesta')?['body/r27ae731d5184448b995d37ee97756f96']","item/      ¿Cuáles? ":"@outputs('Obtener_los_detalles_de_la_respuesta')?['body/r2ddb2f1393ff49d2b20e6ef76f8fb587']","item/Bachiller ":"@outputs('Obtener_los_detalles_de_la_respuesta')?['body/r851aa85394614e47b8b1fbe480142aca']","item/Finalizado ~1 Año":"@outputs('Obtener_los_detalles_de_la_respuesta')?['body/r2ab5414a87d84a07ae0b5d8cb24eee19']","item/ En Curso ~1 Semestre":"@outputs('Obtener_los_detalles_de_la_respuesta')?['body/r823bb9c7681045c6be3d7acc8600364b']","item/Aplazado ~1 Año":"@outputs('Obtener_los_detalles_de_la_respuesta')?['body/r999af2191e38404685025c04ec5f704d']","item/Título ~1 Institución":"@outputs('Obtener_los_detalles_de_la_respuesta')?['body/r9db2f02dab234c719110ed4ae355e741']","item/Tecnico":"@outputs('Obtener_los_detalles_de_la_respuesta')?['body/rfae2ed0146b5440ca1e09a8ae4af396b']","item/Finalizado ~1 Año2":"@outputs('Obtener_los_detalles_de_la_respuesta')?['body/rc1ea793376f14e8a8cabe54de6113bed']","item/ En Curso ~1 Semestre3":"@outputs('Obtener_los_detalles_de_la_respuesta')?['body/rc74bbf8e8412483182e8945a132f8ec3']","item/Aplazado ~1 Año4":"@outputs('Obtener_los_detalles_de_la_respuesta')?['body/r18d54bcb354847aa9c391e57d71290b8']","item/Título ~1 Institución5":"@outputs('Obtener_los_detalles_de_la_respuesta')?['body/r4f949cc109d84abdb16aed2fc5356e92']","item/Tecnologo":"@outputs('Obtener_los_detalles_de_la_respuesta')?['body/rb395380fac70490382725acfce4e54e8']","item/Finalizado ~1 Año6":"@outputs('Obtener_los_detalles_de_la_respuesta')?['body/rf5db483a207542a0ab3ab8ac218d5d0e']","item/ En Curso ~1 Semestre7":"@outputs('Obtener_los_detalles_de_la_respuesta')?['body/r1a068e0b3d3b412eb21ce2bdd73df246']","item/Aplazado ~1 Año8":"@outputs('Obtener_los_detalles_de_la_respuesta')?['body/r1077a3b6a2984a868f01303f3faf8d26']","item/Título ~1 Institución9":"@outputs('Obtener_los_detalles_de_la_respuesta')?['body/re78bfc6caa054e6c8131f7634cd2c65a']","item/Profesional":"@outputs('Obtener_los_detalles_de_la_respuesta')?['body/r1c0350e44e954e24a7e2b5350d5f52ec']","item/Finalizado ~1 Año10":"@outputs('Obtener_los_detalles_de_la_respuesta')?['body/r65ac2687159149fabc01b6b971d02ec6']","item/ En Curso ~1 Semestre11":"@outputs('Obtener_los_detalles_de_la_respuesta')?['body/r53472ae2dbfd4b0b8ea91d1253fa5d13']","item/Aplazado ~1 Año12":"@outputs('Obtener_los_detalles_de_la_respuesta')?['body/rd926904304c943089236a65b0dfd2b1d']","item/Título ~1 Institución13":"@outputs('Obtener_los_detalles_de_la_respuesta')?['body/r2d075573204c4355b45cff703138b910']","item/Otros estudios":"@outputs('Obtener_los_detalles_de_la_respuesta')?['body/r29fd308f847f4eb1992468a23ed4e7e8']","item/Finalizado ~1 Año14":"@outputs('Obtener_los_detalles_de_la_respuesta')?['body/r841ce160e127484ea5e20f90d271caab']","item/ En Curso ~1 Semestre15":"@outputs('Obtener_los_detalles_de_la_respuesta')?['body/r39fe2295e7694ecfa8d0b321e2de8867']","item/Aplazado ~1 Año16":"@outputs('Obtener_los_detalles_de_la_respuesta')?['body/r5afed59b5ddc4ce38cc7a4b2ab28b1f9']","item/Cargo desempeñado":"@outputs('Obtener_los_detalles_de_la_respuesta')?['body/rcb520ff656034e028a2cae510bd16ac0']","item/Inicio (mes~1año)":"@outputs('Obtener_los_detalles_de_la_respuesta')?['body/r2b58c1e63dfa439193d5d1f35926b22e']","item/Fin (mes~1año)":"@outputs('Obtener_los_detalles_de_la_respuesta')?['body/r135567fc9e154611896e87af20c7f51c']","item/Empresa 2":"@outputs('Obtener_los_detalles_de_la_respuesta')?['body/re730b0e4b5484ed58b03020b4b8ffaca']","item/Cargo desempeñado 2":"@outputs('Obtener_los_detalles_de_la_respuesta')?['body/r98cc8fa767414035908602cc5d686da0']","item/Inicio (mes~1año)2":"@outputs('Obtener_los_detalles_de_la_respuesta')?['body/r8ed8d49b36db419785ba83bb08fd6720']","item/Fin (mes~1año)2":"@outputs('Obtener_los_detalles_de_la_respuesta')?['body/rb3170f5ebfbe44ddb74561d70e9e4716']","item/Empresa 3":"@outputs('Obtener_los_detalles_de_la_respuesta')?['body/r6c2beb386b864c578d8e57f9325ba3ff']","item/Cargo desempeñado 3":"@outputs('Obtener_los_detalles_de_la_respuesta')?['body/r7b9d63e307f34a68afe85b76009b7370']","item/Inicio (mes~1año)3":"@outputs('Obtener_los_detalles_de_la_respuesta')?['body/r85a5db36557344b2b13422bb21a790ab']","item/Fin  (mes~1año)":"@outputs('Obtener_los_detalles_de_la_respuesta')?['body/r8e344af3ad7f471b9262fbd13ae0ef94']"},"authentication":"@parameters('$authentication')"}},"Enviar_correo_electrónico_Al_Lider":{"runAfter":{"Enviar_Correo_Al_Postulante":["Succeeded"]},"metadata":{"operationMetadataId":"9e24c5ce-7824-47c3-8e3d-5e664b42b053"},"type":"OpenApiConnection","inputs":{"host":{"apiId":"/providers/Microsoft.PowerApps/apis/shared_office365","connectionName":"shared_office365","operationId":"SendEmailV2"},"parameters":{"emailMessage/To":"@outputs('Obtener_los_detalles_de_la_respuesta')?['body/ra8d4f6a6775743dc8a1d336cd331bd8a']","emailMessage/Subject":"Referencias laborales Plan Talento","emailMessage/Body":"<p>Hoy reconocemos la importancia de tu rol como líder, porque posibilitas que las cosas pasen con tu magia, generando en nuestros colaboradores motivación, transformación y que seamos promotores de crecimiento en los componentes del ser, hacer y saber hacer.<br>\n<br>\nPor lo anterior, llegó el momento de que nos permitas conocer con plena transparencia y objetividad la magia que<strong> @{outputs('Obtener_los_detalles_de_la_respuesta')?['body/rb022713b40c24dd9a71cafe039a37a48']}</strong> con documento<strong> @{outputs('Obtener_los_detalles_de_la_respuesta')?['body/rf4a2522598294647b10513c8252fa0ba']}</strong> nos refleja en su día a día. Es por ello, que te solicitamos formalmente la referencia laboral de la persona en mención quien desea seguir creciendo junto a nosotros.<br>\n<br>\nPara diligenciar este formulario ten en cuenta los siguientes datos:<br>\n<br>\nID de su postulación: &nbsp;<strong></strong><strong>@{triggerOutputs()?['body/resourceData/responseId']}</strong><strong></strong><br>\nNombre: &nbsp;<strong></strong><strong>@{outputs('Obtener_los_detalles_de_la_respuesta')?['body/rb022713b40c24dd9a71cafe039a37a48']}</strong><strong></strong><br>\nCargo al que aplica: &nbsp;<strong></strong><strong>@{outputs('Obtener_los_detalles_de_la_respuesta')?['body/r076ecfc182964937ba5a46cb0720f84b']}</strong><strong></strong><br>\n<br>\nFormulario:<br>\n<span style=\"color: rgb(44,130,201)\"><em><strong><a href=\"https://forms.office.com/r/RQwQJeg8LZ\">https://forms.office.com/r/RQwQJeg8LZ</a></strong></em></span><br>\n<br>\n¡Mil gracias!<br>\n<br>\n<em><strong>¡Este es un correo que se envía automáticamente, por favor no responder!</strong></em></p>\n<p style=\"text-align: center;\">\n<img src=\"https://www.gruporeditos.com/wp-content/uploads/2024/07/FIRMA-PLAN-TALENTO-768x155.jpg\" width=\"800\" height=\"auto\">\n</p>","emailMessage/From":"correo.automatizacion@gruporeditos.com","emailMessage/Importance":"Normal"},"authentication":"@parameters('$authentication')"}},"Enviar_Correo_Al_Postulante":{"runAfter":{"Agregar_una_fila_a_una_tabla":["Succeeded"]},"metadata":{"operationMetadataId":"3b329d72-0fe1-40a2-b837-625c458aa0a4"},"type":"OpenApiConnection","inputs":{"host":{"apiId":"/providers/Microsoft.PowerApps/apis/shared_office365","connectionName":"shared_office365","operationId":"SendEmailV2"},"parameters":{"emailMessage/To":"@outputs('Agregar_una_fila_a_una_tabla')?['body/Correo corporativo o personal']","emailMessage/Subject":"Confirmación de inscripción proceso Plan Talento.","emailMessage/Body":"<p>¡Hola @{outputs('Obtener_los_detalles_de_la_respuesta')?['body/rb022713b40c24dd9a71cafe039a37a48']}!<br>\n<br>\nTe felicitamos por atreverte a vivir la experiencia de participar en Plan Talento, valoramos tu interés, potencial y la magia que tienes para ofrecernos.<br>\n<br>\nTu postulación a la vacante “@{outputs('Obtener_los_detalles_de_la_respuesta')?['body/r076ecfc182964937ba5a46cb0720f84b']}” fue recibida de manera exitosa. Por eso, te invitamos a que estés pendiente de tus medios de contacto (correo electrónico y celular), ya que te estaremos contactando para realizar las validaciones pertinentes para que comiences a vivir la magia de Plan Talento con nuestro proceso de selección.<br>\n<br>\nConoce los pasos a seguir en el proceso y ten presente nuestros tiempos de respuesta:<br>\n<br>\n<p style=\"text-align: center;\">\n<img src=\"https://www.gruporeditos.com/wp-content/uploads/2024/07/RUTA-PLAN-TALENTO-CANDIDATOS-2048x1204.jpg\" width=\"800\" height=\"auto\">\n</p>\n<br>\n¡Muchas gracias!<br>\n<strong>*Este es un correo que se envía automáticamente, por favor no responder.</strong></p>\n<br>\n<p style=\"text-align: center;\">\n<img src=\"https://www.gruporeditos.com/wp-content/uploads/2024/07/FIRMA-PLAN-TALENTO-768x155.jpg\" width=\"800\" height=\"auto\">\n</p>","emailMessage/Importance":"Normal"},"authentication":"@parameters('$authentication')"}}},"description":"Se ejecuta cuando se recibe una nueva respuesta en el formulario de postulación vacantes internas, guarda estos datos en el origen de datos y posteriormente se envia un correo al lider con la informacion de la nueva postulación."},"connectionReferences":{"shared_microsoftforms":{"connectionName":"shared-microsoftform-262df7e2-2f8b-4534-9163-fa10bdddd331","source":"Embedded","id":"/providers/Microsoft.PowerApps/apis/shared_microsoftforms","tier":"NotSpecified"},"shared_excelonlinebusiness":{"connectionName":"shared-excelonlinebu-88221fb7-84dd-4eac-be15-e697affa73b3","source":"Embedded","id":"/providers/Microsoft.PowerApps/apis/shared_excelonlinebusiness","tier":"NotSpecified"},"shared_office365":{"connectionName":"shared-office365-3bc666e1-692b-4abb-a710-529dabe7cd43","source":"Embedded","id":"/providers/Microsoft.PowerApps/apis/shared_office365","tier":"NotSpecified"}},"flowFailureAlertSubscribed":false,"isManaged":false}}