{"name":"38da4226-de5c-4c4f-b6f0-f2bad10298b4","id":"/providers/Microsoft.Flow/flows/38da4226-de5c-4c4f-b6f0-f2bad10298b4","type":"Microsoft.Flow/flows","properties":{"apiId":"/providers/Microsoft.PowerApps/apis/shared_logicflows","displayName":"Copy of - Valoración 360 - Reestablecer lista Sharepoint","definition":{"metadata":{"workflowEntityId":null,"processAdvisorMetadata":null,"flowChargedByPaygo":null,"flowclientsuspensionreason":"None","flowclientsuspensiontime":null,"flowclientsuspensionreasondetails":null,"creator":{"id":"cf999034-e3c2-41fe-a9b6-90ef2e3f5c48","type":"User","tenantId":"d6a2ecba-dd2a-4f0c-a632-6798e31995bb"},"provisioningMethod":"FromDefinition","failureAlertSubscription":true,"clientLastModifiedTime":"2024-07-18T19:30:37.7952425Z","connectionKeySavedTimeKey":"2024-07-17T20:40:18.3969678Z"},"$schema":"https://schema.management.azure.com/providers/Microsoft.Logic/schemas/2016-06-01/workflowdefinition.json#","contentVersion":"1.0.0.0","parameters":{"$connections":{"defaultValue":{},"type":"Object"},"$authentication":{"defaultValue":{},"type":"SecureObject"}},"triggers":{"Recurrence":{"recurrence":{"frequency":"Week","interval":2,"timeZone":"SA Pacific Standard Time","startTime":"2024-01-26T09:00:00Z","schedule":{"weekDays":["Monday","Friday"],"hours":["7"]}},"metadata":{"operationMetadataId":"b25b4157-44ef-415b-8e1d-14725413c71a"},"type":"Recurrence"}},"actions":{"Send_an_email_(V2)":{"runAfter":{},"metadata":{"operationMetadataId":"9e4b5cfc-884c-4476-ba9c-6e979ad17ed4"},"type":"OpenApiConnection","inputs":{"host":{"apiId":"/providers/Microsoft.PowerApps/apis/shared_office365","connectionName":"shared_office365","operationId":"SendEmailV2"},"parameters":{"emailMessage/To":"aprendiz.serviciosti@gruporeditos.com;aprendiz.gestion@gruporeditos.com;aprendiz.funcional@gruporeditos.com","emailMessage/Subject":"Reestablecer datos en lista","emailMessage/Body":"<p><span style=\"font-family: tahoma\">Buenos días;<br>\n<br>\nPara reestablecer los datos en la lista Aprobados de Sharepoint, dirigete a la siguiente ruta </span><span style=\"font-family: tahoma\"><strong>https://ganasa.sharepoint.com/sites/Plan_Carrera/Lists/Aprobados_2/AllItems.aspx</strong></span><span style=\"font-family: tahoma\"> y elimina todos los registros, luego te vas a power automate en la siguiente ruta </span><span style=\"font-family: tahoma\"><strong>https://make.powerautomate.com/environments/a3351d7e-14a8-e122-858e-3706385d3be7/flows/819b9d38-ad95-407c-8043-62cf5bc53ef9/details?v3=false</strong></span><span style=\"font-family: tahoma\"> y corres el flujo de Nuevos Aprobados.<br>\nVerificas si los datos de la lista se caragaron correctamente de acuerdo a la tabla en ListaAprobados de la Base de Datos de Plan Talento.<br>\n<br>\n</span><span style=\"font-family: tahoma\"><em><strong>Este correo se envía automaticamente, favor no responder.</strong></em></span></p>","emailMessage/Cc":"sara.arboleda@gruporeditos.com","emailMessage/Importance":"Normal"},"authentication":"@parameters('$authentication')"}}},"outputs":{}},"connectionReferences":{"shared_office365":{"connectionName":"shared-office365-3bc666e1-692b-4abb-a710-529dabe7cd43","source":"Embedded","id":"/providers/Microsoft.PowerApps/apis/shared_office365","tier":"NotSpecified"}},"flowFailureAlertSubscribed":false,"isManaged":false}}