{"name":"e6927b1c-0110-4454-a89d-33c72ed6bfdf","id":"/providers/Microsoft.Flow/flows/e6927b1c-0110-4454-a89d-33c72ed6bfdf","type":"Microsoft.Flow/flows","properties":{"apiId":"/providers/Microsoft.PowerApps/apis/shared_logicflows","displayName":"Copy of - Valoracion 360 - Proceso POE","definition":{"metadata":{"workflowEntityId":null,"processAdvisorMetadata":null,"flowChargedByPaygo":null,"flowclientsuspensionreason":"None","flowclientsuspensiontime":null,"flowclientsuspensionreasondetails":null,"creator":{"id":"cf999034-e3c2-41fe-a9b6-90ef2e3f5c48","type":"User","tenantId":"d6a2ecba-dd2a-4f0c-a632-6798e31995bb"},"provisioningMethod":"FromDefinition","failureAlertSubscription":true,"clientLastModifiedTime":"2024-07-18T19:30:00.6290855Z","connectionKeySavedTimeKey":"2024-07-17T19:26:46.1720174Z"},"$schema":"https://schema.management.azure.com/providers/Microsoft.Logic/schemas/2016-06-01/workflowdefinition.json#","contentVersion":"1.0.0.0","parameters":{"$connections":{"defaultValue":{},"type":"Object"},"$authentication":{"defaultValue":{},"type":"SecureObject"}},"triggers":{"Cuando_se_crea_o_se_modifica_un_elemento":{"recurrence":{"frequency":"Minute","interval":1},"splitOn":"@triggerOutputs()?['body/value']","metadata":{"operationMetadataId":"278381cf-d4de-4151-b60f-3b31e1523582"},"type":"OpenApiConnection","inputs":{"host":{"apiId":"/providers/Microsoft.PowerApps/apis/shared_sharepointonline","connectionName":"shared_sharepointonline_1","operationId":"GetOnUpdatedItems"},"parameters":{"dataset":"https://ganasa.sharepoint.com/sites/Plan_Carrera","table":"6954ca6f-bcdd-4886-9464-553e24027cbf"},"authentication":"@parameters('$authentication')"}}},"actions":{"Obtener_datos_adjuntos":{"runAfter":{},"metadata":{"operationMetadataId":"4ed2c777-36c5-4e8b-9004-4ac524b1ea22"},"type":"OpenApiConnection","inputs":{"host":{"apiId":"/providers/Microsoft.PowerApps/apis/shared_sharepointonline","connectionName":"shared_sharepointonline_1","operationId":"GetItemAttachments"},"parameters":{"dataset":"https://ganasa.sharepoint.com/sites/Plan_Carrera","table":"6954ca6f-bcdd-4886-9464-553e24027cbf","itemId":"@triggerOutputs()?['body/ID']"},"authentication":"@parameters('$authentication')"}},"Aplicar_a_cada_uno":{"foreach":"@body('Obtener_datos_adjuntos')","actions":{"Actualizar_Archivos_Adjuntos_de_cada_Postulante":{"runAfter":{},"metadata":{"01WJMIVX4KD6YCBSZBUBFLPULAF73DTGXL":"/Selección MVP - Plan Carrera/PlanCarrera.xlsx","operationMetadataId":"1a37aaed-73f6-4d34-a4af-59ffd6e75ca3","tableId":"{00000000-000C-0000-FFFF-FFFF07000000}","01WJMIVX4TPGAK7A7MA5GLZZBUXNDGWGH2":"/Seleccion MVP - Plan Carrera/PlanCarrera.xlsx","01ER4TYAYFJOIHYAIPSFAYZQDNEVCLIJHZ":"/Valoracion 360/Seleccion MVP - Plan Talento/Plan_Talento.xlsx","01ER4TYA5ETMUQPIWPDZALINZAUZPZ56M3":"/Valoracion 360/Seleccion MVP - Plan Talento/Plan_Talento.xlsx","01ER4TYA5GTMVOOEDJB5FJORG4S7ZP7Z3D":"/Valoracion 360/Seleccion MVP - Plan Talento/Plan_Talento.xlsx","01ER4TYA4V5EBHATQNOBAKBUUANV4QUYBB":"/Valoracion 360/Seleccion MVP - Plan Talento/Plan_Talento-Copia.xlsx","01ER4TYA4U4JRYT7NWN5G3O3OS53NLV2RK":"/Valoracion 360/Seleccion MVP - Plan Talento/Plan_Talento.xlsx"},"type":"OpenApiConnection","inputs":{"host":{"apiId":"/providers/Microsoft.PowerApps/apis/shared_excelonlinebusiness","connectionName":"shared_excelonlinebusiness","operationId":"PatchItem"},"parameters":{"source":"me","drive":"b!214-VVQAF0KOwwCog90bNCVotCkVLNtGtS0t9CuNf3krnXfdbYLbSoWI_5AmPGqE","file":"01ER4TYA4U4JRYT7NWN5G3O3OS53NLV2RK","table":"{00000000-000C-0000-FFFF-FFFF07000000}","idColumn":"Id","id":"@triggerOutputs()?['body/Identificador']","item/Archivo":"@item()?['AbsoluteUri']"},"authentication":"@parameters('$authentication')"}}},"runAfter":{"Actualizar_una_fila_2":["Succeeded"]},"metadata":{"operationMetadataId":"f11a35cc-93b0-4d88-ae53-0f1f074a1c32"},"type":"Foreach"},"Actualizar_una_fila_2":{"runAfter":{"Obtener_datos_adjuntos":["Succeeded"]},"metadata":{"01WJMIVX4TPGAK7A7MA5GLZZBUXNDGWGH2":"/Seleccion MVP - Plan Carrera/PlanCarrera.xlsx","operationMetadataId":"9f16e6fa-f800-4a47-8eea-819c4f7c7645","tableId":"{00000000-000C-0000-FFFF-FFFF07000000}","01ER4TYAYFJOIHYAIPSFAYZQDNEVCLIJHZ":"/Valoracion 360/Seleccion MVP - Plan Talento/Plan_Talento.xlsx","01ER4TYA5ETMUQPIWPDZALINZAUZPZ56M3":"/Valoracion 360/Seleccion MVP - Plan Talento/Plan_Talento.xlsx","01ER4TYA5GTMVOOEDJB5FJORG4S7ZP7Z3D":"/Valoracion 360/Seleccion MVP - Plan Talento/Plan_Talento.xlsx","01ER4TYA4V5EBHATQNOBAKBUUANV4QUYBB":"/Valoracion 360/Seleccion MVP - Plan Talento/Plan_Talento-Copia.xlsx","01ER4TYA4U4JRYT7NWN5G3O3OS53NLV2RK":"/Valoracion 360/Seleccion MVP - Plan Talento/Plan_Talento.xlsx"},"type":"OpenApiConnection","inputs":{"host":{"apiId":"/providers/Microsoft.PowerApps/apis/shared_excelonlinebusiness","connectionName":"shared_excelonlinebusiness","operationId":"PatchItem"},"parameters":{"source":"me","drive":"b!214-VVQAF0KOwwCog90bNCVotCkVLNtGtS0t9CuNf3krnXfdbYLbSoWI_5AmPGqE","file":"01ER4TYA4U4JRYT7NWN5G3O3OS53NLV2RK","table":"{00000000-000C-0000-FFFF-FFFF07000000}","idColumn":"Id","id":"@triggerOutputs()?['body/Identificador']","item/Acompañamiento":"@triggerOutputs()?['body/Observaciones/Value']","item/Número de veces que ha recibido acompañamiento":"@triggerOutputs()?['body/Conceptodeaprobaci_x00f3_n']","item/Fecha Inicio - Acompañamiento":"@triggerOutputs()?['body/FechaInicio_x002d_Acompa_x00f1_a']","item/Fecha Final - Acompañamiento":"@triggerOutputs()?['body/FechaFinal_x002d_Acompa_x00f1_am']","item/Observaciones":"@triggerOutputs()?['body/Observaciones0']","item/Estado":"@triggerOutputs()?['body/Estado']"},"authentication":"@parameters('$authentication')"}}},"description":"Guardar Concepto de Aprobacion del proceso POE de cada persona postulada en el origen de datos PlanCarrera"},"connectionReferences":{"shared_sharepointonline_1":{"connectionName":"shared-sharepointonl-ae9a7a6a-01fd-437a-a990-8fff31f7a664","source":"Embedded","id":"/providers/Microsoft.PowerApps/apis/shared_sharepointonline","tier":"NotSpecified"},"shared_excelonlinebusiness":{"connectionName":"shared-excelonlinebu-88221fb7-84dd-4eac-be15-e697affa73b3","source":"Embedded","id":"/providers/Microsoft.PowerApps/apis/shared_excelonlinebusiness","tier":"NotSpecified"}},"flowFailureAlertSubscribed":false,"isManaged":false}}