{"name":"01ac45b3-74f4-4573-98f5-1350986e0d14","id":"/providers/Microsoft.Flow/flows/01ac45b3-74f4-4573-98f5-1350986e0d14","type":"Microsoft.Flow/flows","properties":{"apiId":"/providers/Microsoft.PowerApps/apis/shared_logicflows","displayName":"Copy of - Valoración 360 - Depuración BD ","definition":{"metadata":{"workflowEntityId":null,"processAdvisorMetadata":null,"flowChargedByPaygo":null,"flowclientsuspensionreason":"None","flowclientsuspensiontime":null,"flowclientsuspensionreasondetails":null,"creator":{"id":"cf999034-e3c2-41fe-a9b6-90ef2e3f5c48","type":"User","tenantId":"d6a2ecba-dd2a-4f0c-a632-6798e31995bb"},"provisioningMethod":"FromDefinition","failureAlertSubscription":true,"clientLastModifiedTime":"2024-07-18T19:30:35.3104383Z","connectionKeySavedTimeKey":"2024-07-17T20:40:15.7718853Z"},"$schema":"https://schema.management.azure.com/providers/Microsoft.Logic/schemas/2016-06-01/workflowdefinition.json#","contentVersion":"1.0.0.0","parameters":{"$connections":{"defaultValue":{},"type":"Object"},"$authentication":{"defaultValue":{},"type":"SecureObject"}},"triggers":{"Recurrence":{"recurrence":{"frequency":"Month","interval":4,"timeZone":"SA Pacific Standard Time","startTime":"2024-01-01T09:00:00Z"},"metadata":{"operationMetadataId":"a2ebd773-8b78-4136-b102-a1f941a1950e"},"type":"Recurrence"}},"actions":{"Send_an_email_(V2)":{"runAfter":{},"metadata":{"operationMetadataId":"5a26b9a9-a15f-4663-b8f2-a7f1cc55178d"},"type":"OpenApiConnection","inputs":{"host":{"apiId":"/providers/Microsoft.PowerApps/apis/shared_office365","connectionName":"shared_office365","operationId":"SendEmailV2"},"parameters":{"emailMessage/To":"aprendiz.serviciosti@gruporeditos.com;aprendiz.gestion@gruporeditos.com;aprendiz.funcional@gruporeditos.com","emailMessage/Subject":"Depuración BD Plan Talento","emailMessage/Body":"<p><span style=\"font-family: tahoma\">Buenos días;<br>\n<br>\nDirígete a la Base de Datos de Plan Talento ubicada en la siguiente ruta https://ganasa-my.sharepoint.com/:x:/r/personal/correo_automatizacion_gruporeditos_com/_layouts/15/Doc.aspx?sourcedoc=%7BE72A9BA6-6910-4A0F-9744-DC97F2FFE763%7D&amp;file=Plan_Talento.xlsx&amp;action=default&amp;mobileredirect=true y depurala, de acuerdo con los registros suministrados por Luisa Baez.<br>\n<br>\nGracias.<br>\n</span><br>\n<em><strong>Este correo se envía automáticamente, favor no responder.</strong></em></p>","emailMessage/Cc":"sara.arboleda@gruporeditos.com","emailMessage/Importance":"Normal"},"authentication":"@parameters('$authentication')"}}},"outputs":{}},"connectionReferences":{"shared_office365":{"connectionName":"shared-office365-3bc666e1-692b-4abb-a710-529dabe7cd43","source":"Embedded","id":"/providers/Microsoft.PowerApps/apis/shared_office365","tier":"NotSpecified"}},"flowFailureAlertSubscribed":false,"isManaged":false}}