{"name":"659b8ba6-c595-42ec-aa87-1261f9787a37","id":"/providers/Microsoft.Flow/flows/659b8ba6-c595-42ec-aa87-1261f9787a37","type":"Microsoft.Flow/flows","properties":{"apiId":"/providers/Microsoft.PowerApps/apis/shared_logicflows","displayName":"Copy of - Valoracion 360 - Proceso COM","definition":{"metadata":{"workflowEntityId":null,"processAdvisorMetadata":null,"flowChargedByPaygo":null,"flowclientsuspensionreason":"None","flowclientsuspensiontime":null,"flowclientsuspensionreasondetails":null,"creator":{"id":"cf999034-e3c2-41fe-a9b6-90ef2e3f5c48","type":"User","tenantId":"d6a2ecba-dd2a-4f0c-a632-6798e31995bb"},"provisioningMethod":"FromDefinition","failureAlertSubscription":true,"clientLastModifiedTime":"2024-07-18T19:30:05.5234708Z","connectionKeySavedTimeKey":"2024-07-17T19:28:10.2941935Z"},"$schema":"https://schema.management.azure.com/providers/Microsoft.Logic/schemas/2016-06-01/workflowdefinition.json#","contentVersion":"1.0.0.0","parameters":{"$connections":{"defaultValue":{},"type":"Object"},"$authentication":{"defaultValue":{},"type":"SecureObject"}},"triggers":{"Cuando_se_crea_o_se_modifica_un_elemento":{"recurrence":{"frequency":"Minute","interval":1},"splitOn":"@triggerOutputs()?['body/value']","metadata":{"operationMetadataId":"4beeb2a9-caef-433d-a4be-e2e79cf9ba70"},"type":"OpenApiConnection","inputs":{"host":{"apiId":"/providers/Microsoft.PowerApps/apis/shared_sharepointonline","connectionName":"shared_sharepointonline_1","operationId":"GetOnUpdatedItems"},"parameters":{"dataset":"https://ganasa.sharepoint.com/sites/Plan_Carrera","table":"1d4a7b32-7070-4164-a41a-323e670adcc5"},"authentication":"@parameters('$authentication')"}}},"actions":{"Obtener_datos_adjuntos":{"runAfter":{},"metadata":{"operationMetadataId":"80a93ff6-e2ba-416f-898e-6731ab2399ed"},"type":"OpenApiConnection","inputs":{"host":{"apiId":"/providers/Microsoft.PowerApps/apis/shared_sharepointonline","connectionName":"shared_sharepointonline_1","operationId":"GetItemAttachments"},"parameters":{"dataset":"https://ganasa.sharepoint.com/sites/Plan_Carrera","table":"1d4a7b32-7070-4164-a41a-323e670adcc5","itemId":"@triggerOutputs()?['body/ID']"},"authentication":"@parameters('$authentication')"}},"Aplicar_a_cada_uno":{"foreach":"@body('Obtener_datos_adjuntos')","actions":{"Actualizar_Archivos_Adjuntos_de_cada_Postulante":{"runAfter":{},"metadata":{"01WJMIVX4KD6YCBSZBUBFLPULAF73DTGXL":"/Selección MVP - Plan Carrera/PlanCarrera.xlsx","operationMetadataId":"866ff8f0-17ce-44f4-a12a-b8be4d1b53d0","tableId":"{00000000-000C-0000-FFFF-FFFF05000000}","01WJMIVX4TPGAK7A7MA5GLZZBUXNDGWGH2":"/Seleccion MVP - Plan Carrera/PlanCarrera.xlsx","01ER4TYAYFJOIHYAIPSFAYZQDNEVCLIJHZ":"/Valoracion 360/Seleccion MVP - Plan Talento/Plan_Talento.xlsx","01ER4TYA5ETMUQPIWPDZALINZAUZPZ56M3":"/Valoracion 360/Seleccion MVP - Plan Talento/Plan_Talento.xlsx","01ER4TYA5GTMVOOEDJB5FJORG4S7ZP7Z3D":"/Valoracion 360/Seleccion MVP - Plan Talento/Plan_Talento.xlsx","01ER4TYA4V5EBHATQNOBAKBUUANV4QUYBB":"/Valoracion 360/Seleccion MVP - Plan Talento/Plan_Talento-Copia.xlsx","01ER4TYA4U4JRYT7NWN5G3O3OS53NLV2RK":"/Valoracion 360/Seleccion MVP - Plan Talento/Plan_Talento.xlsx"},"type":"OpenApiConnection","inputs":{"host":{"apiId":"/providers/Microsoft.PowerApps/apis/shared_excelonlinebusiness","connectionName":"shared_excelonlinebusiness","operationId":"PatchItem"},"parameters":{"source":"me","drive":"b!214-VVQAF0KOwwCog90bNCVotCkVLNtGtS0t9CuNf3krnXfdbYLbSoWI_5AmPGqE","file":"01ER4TYA4U4JRYT7NWN5G3O3OS53NLV2RK","table":"{00000000-000C-0000-FFFF-FFFF05000000}","idColumn":"Id","id":"@triggerOutputs()?['body/Identificador']","item/Archivo":"@item()?['AbsoluteUri']"},"authentication":"@parameters('$authentication')"}}},"runAfter":{"Actualizar_una_fila_en_excel_hoja_COM":["Succeeded"]},"metadata":{"operationMetadataId":"b358c594-b3d6-47e6-9e68-584b5d90aa07"},"type":"Foreach"},"Actualizar_una_fila_en_excel_hoja_COM":{"runAfter":{"Obtener_datos_adjuntos":["Succeeded"]},"metadata":{"01WJMIVX4TPGAK7A7MA5GLZZBUXNDGWGH2":"/Seleccion MVP - Plan Carrera/PlanCarrera.xlsx","operationMetadataId":"a3548f61-8256-4585-9ccd-ecc977ebf26d","tableId":"{00000000-000C-0000-FFFF-FFFF05000000}","01ER4TYAYFJOIHYAIPSFAYZQDNEVCLIJHZ":"/Valoracion 360/Seleccion MVP - Plan Talento/Plan_Talento.xlsx","01ER4TYA5ETMUQPIWPDZALINZAUZPZ56M3":"/Valoracion 360/Seleccion MVP - Plan Talento/Plan_Talento.xlsx","01ER4TYA5GTMVOOEDJB5FJORG4S7ZP7Z3D":"/Valoracion 360/Seleccion MVP - Plan Talento/Plan_Talento.xlsx","01ER4TYA4V5EBHATQNOBAKBUUANV4QUYBB":"/Valoracion 360/Seleccion MVP - Plan Talento/Plan_Talento-Copia.xlsx","01ER4TYA4U4JRYT7NWN5G3O3OS53NLV2RK":"/Valoracion 360/Seleccion MVP - Plan Talento/Plan_Talento.xlsx"},"type":"OpenApiConnection","inputs":{"host":{"apiId":"/providers/Microsoft.PowerApps/apis/shared_excelonlinebusiness","connectionName":"shared_excelonlinebusiness","operationId":"PatchItem"},"parameters":{"source":"me","drive":"b!214-VVQAF0KOwwCog90bNCVotCkVLNtGtS0t9CuNf3krnXfdbYLbSoWI_5AmPGqE","file":"01ER4TYA4U4JRYT7NWN5G3O3OS53NLV2RK","table":"{00000000-000C-0000-FFFF-FFFF05000000}","idColumn":"Id","id":"@triggerOutputs()?['body/Identificador']","item/Concepto aprobación":"@triggerOutputs()?['body/Conceptodeaprobaci_x00f3_n']","item/observaciones ":"@triggerOutputs()?['body/Observaciones/Value']","item/Estado":"@triggerOutputs()?['body/Estado']"},"authentication":"@parameters('$authentication')"}}},"description":"Guardar Concepto de Aprobacion del proceso COM de cada persona postulada en el origen de datos PlanCarrera"},"connectionReferences":{"shared_sharepointonline_1":{"connectionName":"shared-sharepointonl-ae9a7a6a-01fd-437a-a990-8fff31f7a664","source":"Embedded","id":"/providers/Microsoft.PowerApps/apis/shared_sharepointonline","tier":"NotSpecified"},"shared_excelonlinebusiness":{"connectionName":"shared-excelonlinebu-88221fb7-84dd-4eac-be15-e697affa73b3","source":"Embedded","id":"/providers/Microsoft.PowerApps/apis/shared_excelonlinebusiness","tier":"NotSpecified"}},"flowFailureAlertSubscribed":false,"isManaged":false}}