{"name":"f5584a8c-fb47-4f8f-a572-0e57ccfeb323","id":"/providers/Microsoft.Flow/flows/f5584a8c-fb47-4f8f-a572-0e57ccfeb323","type":"Microsoft.Flow/flows","properties":{"apiId":"/providers/Microsoft.PowerApps/apis/shared_logicflows","displayName":"Copy of - Valoración 360 - Seleccion Aprobados","definition":{"metadata":{"workflowEntityId":null,"processAdvisorMetadata":null,"flowChargedByPaygo":null,"flowclientsuspensionreason":"None","flowclientsuspensiontime":null,"flowclientsuspensionreasondetails":null,"creator":{"id":"cf999034-e3c2-41fe-a9b6-90ef2e3f5c48","type":"User","tenantId":"d6a2ecba-dd2a-4f0c-a632-6798e31995bb"},"provisioningMethod":"FromDefinition","failureAlertSubscription":true,"clientLastModifiedTime":"2024-07-22T18:37:03.6859429Z","connectionKeySavedTimeKey":"2024-07-22T18:37:03.6859429Z"},"$schema":"https://schema.management.azure.com/providers/Microsoft.Logic/schemas/2016-06-01/workflowdefinition.json#","contentVersion":"1.0.0.0","parameters":{"$connections":{"defaultValue":{},"type":"Object"},"$authentication":{"defaultValue":{},"type":"SecureObject"}},"triggers":{"Cuando_se_crea_o_se_modifica_un_elemento":{"recurrence":{"frequency":"Minute","interval":1},"splitOn":"@triggerOutputs()?['body/value']","metadata":{"operationMetadataId":"0273232f-1a73-40f8-abc3-2aa1e77ec43f"},"type":"OpenApiConnection","inputs":{"host":{"apiId":"/providers/Microsoft.PowerApps/apis/shared_sharepointonline","connectionName":"shared_sharepointonline_1","operationId":"GetOnUpdatedItems"},"parameters":{"dataset":"https://ganasa.sharepoint.com/sites/Plan_Carrera","table":"849da6e6-a02a-4606-a5c2-e191ddb14c5a"},"authentication":"@parameters('$authentication')"}}},"actions":{"Enumerar_las_filas_de_una_tabla_APROBADOS":{"runAfter":{},"metadata":{"01ER4TYAYFJOIHYAIPSFAYZQDNEVCLIJHZ":"/Valoracion 360/Seleccion MVP - Plan Talento/Plan_Talento.xlsx","operationMetadataId":"c283ddd1-128c-4d3d-833c-260ba770674f","tableId":"{00000000-000C-0000-FFFF-FFFF0A000000}","01ER4TYA5ETMUQPIWPDZALINZAUZPZ56M3":"/Valoracion 360/Seleccion MVP - Plan Talento/Plan_Talento.xlsx","01ER4TYA5GTMVOOEDJB5FJORG4S7ZP7Z3D":"/Valoracion 360/Seleccion MVP - Plan Talento/Plan_Talento.xlsx","01ER4TYA4V5EBHATQNOBAKBUUANV4QUYBB":"/Valoracion 360/Seleccion MVP - Plan Talento/Plan_Talento-Copia.xlsx","01ER4TYA4U4JRYT7NWN5G3O3OS53NLV2RK":"/Valoracion 360/Seleccion MVP - Plan Talento/Plan_Talento.xlsx"},"type":"OpenApiConnection","inputs":{"host":{"apiId":"/providers/Microsoft.PowerApps/apis/shared_excelonlinebusiness","connectionName":"shared_excelonlinebusiness","operationId":"GetItems"},"parameters":{"source":"me","drive":"b!214-VVQAF0KOwwCog90bNCVotCkVLNtGtS0t9CuNf3krnXfdbYLbSoWI_5AmPGqE","file":"01ER4TYA4U4JRYT7NWN5G3O3OS53NLV2RK","table":"{00000000-000C-0000-FFFF-FFFF0A000000}"},"authentication":"@parameters('$authentication')"},"runtimeConfiguration":{"paginationPolicy":{"minimumItemCount":5000},"secureData":{"properties":["inputs","outputs"]}}},"Aplicar_a_cada_uno_Tabla_APROBADOS":{"foreach":"@outputs('Enumerar_las_filas_de_una_tabla_APROBADOS')?['body/value']","actions":{"Condición":{"actions":{"Actualizar_una_fila":{"runAfter":{},"metadata":{"01ER4TYA5ETMUQPIWPDZALINZAUZPZ56M3":"/Valoracion 360/Seleccion MVP - Plan Talento/Plan_Talento.xlsx","operationMetadataId":"cc8fb177-121c-4196-b272-0601e4d14b9e","tableId":"{00000000-000C-0000-FFFF-FFFF0A000000}","01ER4TYA5GTMVOOEDJB5FJORG4S7ZP7Z3D":"/Valoracion 360/Seleccion MVP - Plan Talento/Plan_Talento.xlsx","01ER4TYA4V5EBHATQNOBAKBUUANV4QUYBB":"/Valoracion 360/Seleccion MVP - Plan Talento/Plan_Talento-Copia.xlsx","01ER4TYA4U4JRYT7NWN5G3O3OS53NLV2RK":"/Valoracion 360/Seleccion MVP - Plan Talento/Plan_Talento.xlsx"},"type":"OpenApiConnection","inputs":{"host":{"apiId":"/providers/Microsoft.PowerApps/apis/shared_excelonlinebusiness","connectionName":"shared_excelonlinebusiness","operationId":"PatchItem"},"parameters":{"source":"me","drive":"b!214-VVQAF0KOwwCog90bNCVotCkVLNtGtS0t9CuNf3krnXfdbYLbSoWI_5AmPGqE","file":"01ER4TYA4U4JRYT7NWN5G3O3OS53NLV2RK","table":"{00000000-000C-0000-FFFF-FFFF0A000000}","idColumn":"Id","id":"@triggerOutputs()?['body/Identificador']","item/TrasladoDO":"PENDIENTE","item/Seleccionado":"TERMINADO"},"authentication":"@parameters('$authentication')"}},"Obtener_datos_adjuntos":{"runAfter":{"Actualizar_una_fila":["Succeeded"]},"metadata":{"operationMetadataId":"77dc2849-be7d-42f2-a581-0e3a231c426f"},"type":"OpenApiConnection","inputs":{"host":{"apiId":"/providers/Microsoft.PowerApps/apis/shared_sharepointonline","connectionName":"shared_sharepointonline_1","operationId":"GetItemAttachments"},"parameters":{"dataset":"https://ganasa.sharepoint.com/sites/Plan_Carrera","table":"849da6e6-a02a-4606-a5c2-e191ddb14c5a","itemId":"@triggerOutputs()?['body/ID']"},"authentication":"@parameters('$authentication')"}},"Aplicar_a_cada_uno":{"foreach":"@body('Obtener_datos_adjuntos')","actions":{"Obtener_contenido_de_datos_adjuntos":{"runAfter":{},"metadata":{"operationMetadataId":"abc26a3f-8822-41c3-9daa-00ce6edbb8b4"},"type":"OpenApiConnection","inputs":{"host":{"apiId":"/providers/Microsoft.PowerApps/apis/shared_sharepointonline","connectionName":"shared_sharepointonline_1","operationId":"GetAttachmentContent"},"parameters":{"dataset":"https://ganasa.sharepoint.com/sites/Plan_Carrera","table":"849da6e6-a02a-4606-a5c2-e191ddb14c5a","itemId":"@triggerOutputs()?['body/ID']","attachmentId":"@item()?['Id']"},"authentication":"@parameters('$authentication')"}},"Crear_archivo":{"runAfter":{"Obtener_contenido_de_datos_adjuntos":["Succeeded"]},"metadata":{"operationMetadataId":"f29c4143-f86a-4706-83f4-ab76683af329"},"type":"OpenApiConnection","inputs":{"host":{"apiId":"/providers/Microsoft.PowerApps/apis/shared_onedriveforbusiness","connectionName":"shared_onedriveforbusiness","operationId":"CreateFile"},"parameters":{"folderPath":"/Valoracion 360/Cambio de cargo","name":"@item()?['DisplayName']","body":"@body('Obtener_contenido_de_datos_adjuntos')"},"authentication":"@parameters('$authentication')"},"runtimeConfiguration":{"contentTransfer":{"transferMode":"Chunked"}}}},"runAfter":{"Obtener_datos_adjuntos":["Succeeded"]},"metadata":{"operationMetadataId":"5462d6f1-65ac-4433-ba7b-94d515ff0aac"},"type":"Foreach"}},"runAfter":{},"expression":{"and":[{"startsWith":["@triggerOutputs()?['body/Decisi_x00f3_n/Value']","SELECCIONADO"]},{"startsWith":["@items('Aplicar_a_cada_uno_Tabla_APROBADOS')?['Seleccionado']","DATOSADJUNTOS"]},{"equals":["@items('Aplicar_a_cada_uno_Tabla_APROBADOS')?['Id']","@triggerOutputs()?['body/Identificador']"]}]},"metadata":{"operationMetadataId":"4384e382-80b1-4bc4-b921-78ebea2c7b68"},"type":"If"}},"runAfter":{"Delay":["Succeeded"]},"metadata":{"operationMetadataId":"fd116f90-76fd-441b-a2b5-8ee4a384e900"},"type":"Foreach"},"Delay":{"runAfter":{"Enumerar_las_filas_de_una_tabla_APROBADOS":["Succeeded"]},"metadata":{"operationMetadataId":"e34914ba-961d-4462-b753-594269b3b82f"},"type":"Wait","inputs":{"interval":{"count":10,"unit":"Second"}}}}},"connectionReferences":{"shared_excelonlinebusiness":{"connectionName":"shared-excelonlinebu-88221fb7-84dd-4eac-be15-e697affa73b3","source":"Embedded","id":"/providers/Microsoft.PowerApps/apis/shared_excelonlinebusiness","tier":"NotSpecified"},"shared_sharepointonline_1":{"connectionName":"shared-sharepointonl-ae9a7a6a-01fd-437a-a990-8fff31f7a664","source":"Embedded","id":"/providers/Microsoft.PowerApps/apis/shared_sharepointonline","tier":"NotSpecified"},"shared_onedriveforbusiness":{"connectionName":"60ac87f39e6f4c12b95f613d32fb45b6","source":"Embedded","id":"/providers/Microsoft.PowerApps/apis/shared_onedriveforbusiness","tier":"NotSpecified"}},"flowFailureAlertSubscribed":false,"isManaged":false}}