{"name":"59cfa617-2dc0-45ce-9ae1-0a8cb4858b14","id":"/providers/Microsoft.Flow/flows/59cfa617-2dc0-45ce-9ae1-0a8cb4858b14","type":"Microsoft.Flow/flows","properties":{"apiId":"/providers/Microsoft.PowerApps/apis/shared_logicflows","displayName":"Copy of - Valoracion 360 - Resumen Seleccion","definition":{"metadata":{"workflowEntityId":null,"processAdvisorMetadata":null,"flowChargedByPaygo":null,"flowclientsuspensionreason":"None","flowclientsuspensiontime":null,"flowclientsuspensionreasondetails":null,"creator":{"id":"cf999034-e3c2-41fe-a9b6-90ef2e3f5c48","type":"User","tenantId":"d6a2ecba-dd2a-4f0c-a632-6798e31995bb"},"provisioningMethod":"FromDefinition","failureAlertSubscription":true,"clientLastModifiedTime":"2024-07-22T18:33:47.3647164Z","connectionKeySavedTimeKey":"2024-07-22T18:33:47.3647164Z"},"$schema":"https://schema.management.azure.com/providers/Microsoft.Logic/schemas/2016-06-01/workflowdefinition.json#","contentVersion":"1.0.0.0","parameters":{"$connections":{"defaultValue":{},"type":"Object"},"$authentication":{"defaultValue":{},"type":"SecureObject"}},"triggers":{"Recurrence":{"recurrence":{"frequency":"Day","interval":1,"timeZone":"SA Pacific Standard Time","startTime":"2022-10-05T07:00:00.000Z","schedule":{"hours":["12"]}},"metadata":{"operationMetadataId":"d8e9f323-a00c-409f-b8f4-711e2133a1b4"},"type":"Recurrence"}},"actions":{"Enumerar_las_filas_de_RL":{"runAfter":{},"metadata":{"01ER4TYAYFJOIHYAIPSFAYZQDNEVCLIJHZ":"/Valoracion 360/Seleccion MVP - Plan Talento/Plan_Talento.xlsx","operationMetadataId":"5b21ad31-bbf5-4331-83d1-f78e2654fe1c","tableId":"{00000000-000C-0000-FFFF-FFFF01000000}","01ER4TYA5ETMUQPIWPDZALINZAUZPZ56M3":"/Valoracion 360/Seleccion MVP - Plan Talento/Plan_Talento.xlsx","01ER4TYA5GTMVOOEDJB5FJORG4S7ZP7Z3D":"/Valoracion 360/Seleccion MVP - Plan Talento/Plan_Talento.xlsx","01ER4TYA4V5EBHATQNOBAKBUUANV4QUYBB":"/Valoracion 360/Seleccion MVP - Plan Talento/Plan_Talento-Copia.xlsx","01ER4TYA4U4JRYT7NWN5G3O3OS53NLV2RK":"/Valoracion 360/Seleccion MVP - Plan Talento/Plan_Talento.xlsx"},"type":"OpenApiConnection","inputs":{"host":{"apiId":"/providers/Microsoft.PowerApps/apis/shared_excelonlinebusiness","connectionName":"shared_excelonlinebusiness","operationId":"GetItems"},"parameters":{"source":"me","drive":"b!214-VVQAF0KOwwCog90bNCVotCkVLNtGtS0t9CuNf3krnXfdbYLbSoWI_5AmPGqE","file":"01ER4TYA4U4JRYT7NWN5G3O3OS53NLV2RK","table":"{00000000-000C-0000-FFFF-FFFF01000000}","$filter":"Estado eq 'CERRADO'"},"authentication":"@parameters('$authentication')"},"runtimeConfiguration":{"paginationPolicy":{"minimumItemCount":5000},"secureData":{"properties":["inputs","outputs"]}}},"Enumerar_las_filas_de_EXP":{"runAfter":{"Retraso_5":["Succeeded"]},"metadata":{"01ER4TYAYFJOIHYAIPSFAYZQDNEVCLIJHZ":"/Valoracion 360/Seleccion MVP - Plan Talento/Plan_Talento.xlsx","operationMetadataId":"b36b7fa3-7e65-4321-ad97-38fecbe6d760","tableId":"{00000000-000C-0000-FFFF-FFFF06000000}","01ER4TYA5ETMUQPIWPDZALINZAUZPZ56M3":"/Valoracion 360/Seleccion MVP - Plan Talento/Plan_Talento.xlsx","01ER4TYA5GTMVOOEDJB5FJORG4S7ZP7Z3D":"/Valoracion 360/Seleccion MVP - Plan Talento/Plan_Talento.xlsx","01ER4TYA4V5EBHATQNOBAKBUUANV4QUYBB":"/Valoracion 360/Seleccion MVP - Plan Talento/Plan_Talento-Copia.xlsx","01ER4TYA4U4JRYT7NWN5G3O3OS53NLV2RK":"/Valoracion 360/Seleccion MVP - Plan Talento/Plan_Talento.xlsx"},"type":"OpenApiConnection","inputs":{"host":{"apiId":"/providers/Microsoft.PowerApps/apis/shared_excelonlinebusiness","connectionName":"shared_excelonlinebusiness","operationId":"GetItems"},"parameters":{"source":"me","drive":"b!214-VVQAF0KOwwCog90bNCVotCkVLNtGtS0t9CuNf3krnXfdbYLbSoWI_5AmPGqE","file":"01ER4TYA4U4JRYT7NWN5G3O3OS53NLV2RK","table":"{00000000-000C-0000-FFFF-FFFF06000000}","$filter":"Estado eq 'CERRADO'"},"authentication":"@parameters('$authentication')"},"runtimeConfiguration":{"paginationPolicy":{"minimumItemCount":5000},"secureData":{"properties":["inputs","outputs"]}}},"Aplicar_a_cada_uno_EXP":{"foreach":"@outputs('Enumerar_las_filas_de_EXP')?['body/value']","actions":{"Actualizar_una_fila_RESUMEN_EXP":{"runAfter":{},"metadata":{"01ER4TYAYFJOIHYAIPSFAYZQDNEVCLIJHZ":"/Valoracion 360/Seleccion MVP - Plan Talento/Plan_Talento.xlsx","operationMetadataId":"891eca30-4de0-481c-ba51-f98bb95141a6","tableId":"{E35EEC33-4976-4245-8656-0710D4DA2514}","01ER4TYA5ETMUQPIWPDZALINZAUZPZ56M3":"/Valoracion 360/Seleccion MVP - Plan Talento/Plan_Talento.xlsx","01ER4TYA5GTMVOOEDJB5FJORG4S7ZP7Z3D":"/Valoracion 360/Seleccion MVP - Plan Talento/Plan_Talento.xlsx","01ER4TYA4V5EBHATQNOBAKBUUANV4QUYBB":"/Valoracion 360/Seleccion MVP - Plan Talento/Plan_Talento-Copia.xlsx","01ER4TYA4U4JRYT7NWN5G3O3OS53NLV2RK":"/Valoracion 360/Seleccion MVP - Plan Talento/Plan_Talento.xlsx"},"type":"OpenApiConnection","inputs":{"host":{"apiId":"/providers/Microsoft.PowerApps/apis/shared_excelonlinebusiness","connectionName":"shared_excelonlinebusiness","operationId":"PatchItem"},"parameters":{"source":"me","drive":"b!214-VVQAF0KOwwCog90bNCVotCkVLNtGtS0t9CuNf3krnXfdbYLbSoWI_5AmPGqE","file":"01ER4TYA4U4JRYT7NWN5G3O3OS53NLV2RK","table":"{E35EEC33-4976-4245-8656-0710D4DA2514}","idColumn":"Id","id":"@items('Aplicar_a_cada_uno_EXP')?['Id']","item/EXP":"@items('Aplicar_a_cada_uno_EXP')?['observaciones ']"},"authentication":"@parameters('$authentication')"}}},"runAfter":{"Enumerar_las_filas_de_EXP":["Succeeded"]},"metadata":{"operationMetadataId":"c51901b8-5088-4e93-bc68-9b0920d1e6c0"},"type":"Foreach"},"Enumerar_las_filas_de_GCT":{"runAfter":{"Retraso_2":["Succeeded"]},"metadata":{"01ER4TYAYFJOIHYAIPSFAYZQDNEVCLIJHZ":"/Valoracion 360/Seleccion MVP - Plan Talento/Plan_Talento.xlsx","operationMetadataId":"34b9b32c-9234-484d-bb2b-e57e379b5925","tableId":"{00000000-000C-0000-FFFF-FFFF02000000}","01ER4TYA5ETMUQPIWPDZALINZAUZPZ56M3":"/Valoracion 360/Seleccion MVP - Plan Talento/Plan_Talento.xlsx","01ER4TYA5GTMVOOEDJB5FJORG4S7ZP7Z3D":"/Valoracion 360/Seleccion MVP - Plan Talento/Plan_Talento.xlsx","01ER4TYA4V5EBHATQNOBAKBUUANV4QUYBB":"/Valoracion 360/Seleccion MVP - Plan Talento/Plan_Talento-Copia.xlsx","01ER4TYA4U4JRYT7NWN5G3O3OS53NLV2RK":"/Valoracion 360/Seleccion MVP - Plan Talento/Plan_Talento.xlsx"},"type":"OpenApiConnection","inputs":{"host":{"apiId":"/providers/Microsoft.PowerApps/apis/shared_excelonlinebusiness","connectionName":"shared_excelonlinebusiness","operationId":"GetItems"},"parameters":{"source":"me","drive":"b!214-VVQAF0KOwwCog90bNCVotCkVLNtGtS0t9CuNf3krnXfdbYLbSoWI_5AmPGqE","file":"01ER4TYA4U4JRYT7NWN5G3O3OS53NLV2RK","table":"{00000000-000C-0000-FFFF-FFFF02000000}","$filter":"Estado eq 'CERRADO'"},"authentication":"@parameters('$authentication')"},"runtimeConfiguration":{"paginationPolicy":{"minimumItemCount":5000},"secureData":{"properties":["inputs","outputs"]}}},"Aplicar_a_cada_uno_GCT":{"foreach":"@outputs('Enumerar_las_filas_de_GCT')?['body/value']","actions":{"Actualizar_una_fila_RESUMEN_GCT":{"runAfter":{},"metadata":{"01ER4TYAYFJOIHYAIPSFAYZQDNEVCLIJHZ":"/Valoracion 360/Seleccion MVP - Plan Talento/Plan_Talento.xlsx","operationMetadataId":"0e2361b0-d52d-4a60-b0a7-81b44bbd522e","tableId":"{E35EEC33-4976-4245-8656-0710D4DA2514}","01ER4TYA5ETMUQPIWPDZALINZAUZPZ56M3":"/Valoracion 360/Seleccion MVP - Plan Talento/Plan_Talento.xlsx","01ER4TYA5GTMVOOEDJB5FJORG4S7ZP7Z3D":"/Valoracion 360/Seleccion MVP - Plan Talento/Plan_Talento.xlsx","01ER4TYA4V5EBHATQNOBAKBUUANV4QUYBB":"/Valoracion 360/Seleccion MVP - Plan Talento/Plan_Talento-Copia.xlsx","01ER4TYA4U4JRYT7NWN5G3O3OS53NLV2RK":"/Valoracion 360/Seleccion MVP - Plan Talento/Plan_Talento.xlsx"},"type":"OpenApiConnection","inputs":{"host":{"apiId":"/providers/Microsoft.PowerApps/apis/shared_excelonlinebusiness","connectionName":"shared_excelonlinebusiness","operationId":"PatchItem"},"parameters":{"source":"me","drive":"b!214-VVQAF0KOwwCog90bNCVotCkVLNtGtS0t9CuNf3krnXfdbYLbSoWI_5AmPGqE","file":"01ER4TYA4U4JRYT7NWN5G3O3OS53NLV2RK","table":"{E35EEC33-4976-4245-8656-0710D4DA2514}","idColumn":"Id","id":"@items('Aplicar_a_cada_uno_GCT')?['Id']","item/SGT":"@items('Aplicar_a_cada_uno_GCT')?['Observaciones']"},"authentication":"@parameters('$authentication')"}}},"runAfter":{"Enumerar_las_filas_de_GCT":["Succeeded"]},"metadata":{"operationMetadataId":"5ce8d3a4-319c-431a-bf2f-e097629492a8"},"type":"Foreach"},"Enumerar_las_filas_de_COM":{"runAfter":{"Retraso_4":["Succeeded"]},"metadata":{"01ER4TYAYFJOIHYAIPSFAYZQDNEVCLIJHZ":"/Valoracion 360/Seleccion MVP - Plan Talento/Plan_Talento.xlsx","operationMetadataId":"9006a8ee-9eb4-4dac-addf-6d80a22c93fc","tableId":"{00000000-000C-0000-FFFF-FFFF05000000}","01ER4TYA5ETMUQPIWPDZALINZAUZPZ56M3":"/Valoracion 360/Seleccion MVP - Plan Talento/Plan_Talento.xlsx","01ER4TYA5GTMVOOEDJB5FJORG4S7ZP7Z3D":"/Valoracion 360/Seleccion MVP - Plan Talento/Plan_Talento.xlsx","01ER4TYA4V5EBHATQNOBAKBUUANV4QUYBB":"/Valoracion 360/Seleccion MVP - Plan Talento/Plan_Talento-Copia.xlsx","01ER4TYA4U4JRYT7NWN5G3O3OS53NLV2RK":"/Valoracion 360/Seleccion MVP - Plan Talento/Plan_Talento.xlsx"},"type":"OpenApiConnection","inputs":{"host":{"apiId":"/providers/Microsoft.PowerApps/apis/shared_excelonlinebusiness","connectionName":"shared_excelonlinebusiness","operationId":"GetItems"},"parameters":{"source":"me","drive":"b!214-VVQAF0KOwwCog90bNCVotCkVLNtGtS0t9CuNf3krnXfdbYLbSoWI_5AmPGqE","file":"01ER4TYA4U4JRYT7NWN5G3O3OS53NLV2RK","table":"{00000000-000C-0000-FFFF-FFFF05000000}","$filter":"Estado eq 'CERRADO'"},"authentication":"@parameters('$authentication')"},"runtimeConfiguration":{"paginationPolicy":{"minimumItemCount":5000},"secureData":{"properties":["inputs","outputs"]}}},"Aplicar_a_cada_uno_COM":{"foreach":"@outputs('Enumerar_las_filas_de_COM')?['body/value']","actions":{"Actualizar_una_fila_RESUMEN_COM":{"runAfter":{},"metadata":{"01ER4TYAYFJOIHYAIPSFAYZQDNEVCLIJHZ":"/Valoracion 360/Seleccion MVP - Plan Talento/Plan_Talento.xlsx","operationMetadataId":"147581de-9035-4c97-8f7b-4f0042b8bfea","tableId":"{E35EEC33-4976-4245-8656-0710D4DA2514}","01ER4TYA5ETMUQPIWPDZALINZAUZPZ56M3":"/Valoracion 360/Seleccion MVP - Plan Talento/Plan_Talento.xlsx","01ER4TYA5GTMVOOEDJB5FJORG4S7ZP7Z3D":"/Valoracion 360/Seleccion MVP - Plan Talento/Plan_Talento.xlsx","01ER4TYA4V5EBHATQNOBAKBUUANV4QUYBB":"/Valoracion 360/Seleccion MVP - Plan Talento/Plan_Talento-Copia.xlsx","01ER4TYA4U4JRYT7NWN5G3O3OS53NLV2RK":"/Valoracion 360/Seleccion MVP - Plan Talento/Plan_Talento.xlsx"},"type":"OpenApiConnection","inputs":{"host":{"apiId":"/providers/Microsoft.PowerApps/apis/shared_excelonlinebusiness","connectionName":"shared_excelonlinebusiness","operationId":"PatchItem"},"parameters":{"source":"me","drive":"b!214-VVQAF0KOwwCog90bNCVotCkVLNtGtS0t9CuNf3krnXfdbYLbSoWI_5AmPGqE","file":"01ER4TYA4U4JRYT7NWN5G3O3OS53NLV2RK","table":"{E35EEC33-4976-4245-8656-0710D4DA2514}","idColumn":"Id","id":"@items('Aplicar_a_cada_uno_COM')?['Id']","item/COM":"@items('Aplicar_a_cada_uno_COM')?['observaciones ']"},"authentication":"@parameters('$authentication')"}}},"runAfter":{"Enumerar_las_filas_de_COM":["Succeeded"]},"metadata":{"operationMetadataId":"931344b7-ca39-4737-b795-f07491626aa0"},"type":"Foreach"},"Enumerar_las_filas_de_POE":{"runAfter":{"Retraso_6":["Succeeded"]},"metadata":{"01ER4TYAYFJOIHYAIPSFAYZQDNEVCLIJHZ":"/Valoracion 360/Seleccion MVP - Plan Talento/Plan_Talento.xlsx","operationMetadataId":"cf93c275-8ef2-4229-b155-a86c8e0b961f","tableId":"{00000000-000C-0000-FFFF-FFFF07000000}","01ER4TYA5ETMUQPIWPDZALINZAUZPZ56M3":"/Valoracion 360/Seleccion MVP - Plan Talento/Plan_Talento.xlsx","01ER4TYA5GTMVOOEDJB5FJORG4S7ZP7Z3D":"/Valoracion 360/Seleccion MVP - Plan Talento/Plan_Talento.xlsx","01ER4TYA4V5EBHATQNOBAKBUUANV4QUYBB":"/Valoracion 360/Seleccion MVP - Plan Talento/Plan_Talento-Copia.xlsx","01ER4TYA4U4JRYT7NWN5G3O3OS53NLV2RK":"/Valoracion 360/Seleccion MVP - Plan Talento/Plan_Talento.xlsx"},"type":"OpenApiConnection","inputs":{"host":{"apiId":"/providers/Microsoft.PowerApps/apis/shared_excelonlinebusiness","connectionName":"shared_excelonlinebusiness","operationId":"GetItems"},"parameters":{"source":"me","drive":"b!214-VVQAF0KOwwCog90bNCVotCkVLNtGtS0t9CuNf3krnXfdbYLbSoWI_5AmPGqE","file":"01ER4TYA4U4JRYT7NWN5G3O3OS53NLV2RK","table":"{00000000-000C-0000-FFFF-FFFF07000000}","$filter":"Estado eq 'CERRADO'"},"authentication":"@parameters('$authentication')"},"runtimeConfiguration":{"paginationPolicy":{"minimumItemCount":5000},"secureData":{"properties":["inputs","outputs"]}}},"Aplicar_a_cada_uno_POE":{"foreach":"@outputs('Enumerar_las_filas_de_POE')?['body/value']","actions":{"Actualizar_una_fila_RESUMEN_POE":{"runAfter":{},"metadata":{"01ER4TYAYFJOIHYAIPSFAYZQDNEVCLIJHZ":"/Valoracion 360/Seleccion MVP - Plan Talento/Plan_Talento.xlsx","operationMetadataId":"dcf33cdd-d812-463f-aef8-5abbc45cf463","tableId":"{E35EEC33-4976-4245-8656-0710D4DA2514}","01ER4TYA5ETMUQPIWPDZALINZAUZPZ56M3":"/Valoracion 360/Seleccion MVP - Plan Talento/Plan_Talento.xlsx","01ER4TYA5GTMVOOEDJB5FJORG4S7ZP7Z3D":"/Valoracion 360/Seleccion MVP - Plan Talento/Plan_Talento.xlsx","01ER4TYA4V5EBHATQNOBAKBUUANV4QUYBB":"/Valoracion 360/Seleccion MVP - Plan Talento/Plan_Talento-Copia.xlsx","01ER4TYA4U4JRYT7NWN5G3O3OS53NLV2RK":"/Valoracion 360/Seleccion MVP - Plan Talento/Plan_Talento.xlsx"},"type":"OpenApiConnection","inputs":{"host":{"apiId":"/providers/Microsoft.PowerApps/apis/shared_excelonlinebusiness","connectionName":"shared_excelonlinebusiness","operationId":"PatchItem"},"parameters":{"source":"me","drive":"b!214-VVQAF0KOwwCog90bNCVotCkVLNtGtS0t9CuNf3krnXfdbYLbSoWI_5AmPGqE","file":"01ER4TYA4U4JRYT7NWN5G3O3OS53NLV2RK","table":"{E35EEC33-4976-4245-8656-0710D4DA2514}","idColumn":"Id","id":"@items('Aplicar_a_cada_uno_POE')?['Id']","item/POE":"@items('Aplicar_a_cada_uno_POE')?['Observaciones']"},"authentication":"@parameters('$authentication')"}}},"runAfter":{"Enumerar_las_filas_de_POE":["Succeeded"]},"metadata":{"operationMetadataId":"35a97c57-570c-4fca-8fa4-b429ad8dd5e7"},"type":"Foreach"},"Enumerar_las_filas_de_SST":{"runAfter":{"Retraso":["Succeeded"]},"metadata":{"01ER4TYAYFJOIHYAIPSFAYZQDNEVCLIJHZ":"/Valoracion 360/Seleccion MVP - Plan Talento/Plan_Talento.xlsx","operationMetadataId":"a083c431-264b-4034-86f3-c0adc65b2d6e","tableId":"{00000000-000C-0000-FFFF-FFFF03000000}","01ER4TYA5ETMUQPIWPDZALINZAUZPZ56M3":"/Valoracion 360/Seleccion MVP - Plan Talento/Plan_Talento.xlsx","01ER4TYA5GTMVOOEDJB5FJORG4S7ZP7Z3D":"/Valoracion 360/Seleccion MVP - Plan Talento/Plan_Talento.xlsx","01ER4TYA4V5EBHATQNOBAKBUUANV4QUYBB":"/Valoracion 360/Seleccion MVP - Plan Talento/Plan_Talento-Copia.xlsx","01ER4TYA4U4JRYT7NWN5G3O3OS53NLV2RK":"/Valoracion 360/Seleccion MVP - Plan Talento/Plan_Talento.xlsx"},"type":"OpenApiConnection","inputs":{"host":{"apiId":"/providers/Microsoft.PowerApps/apis/shared_excelonlinebusiness","connectionName":"shared_excelonlinebusiness","operationId":"GetItems"},"parameters":{"source":"me","drive":"b!214-VVQAF0KOwwCog90bNCVotCkVLNtGtS0t9CuNf3krnXfdbYLbSoWI_5AmPGqE","file":"01ER4TYA4U4JRYT7NWN5G3O3OS53NLV2RK","table":"{00000000-000C-0000-FFFF-FFFF03000000}","$filter":"Estado eq 'CERRADO'"},"authentication":"@parameters('$authentication')"},"runtimeConfiguration":{"paginationPolicy":{"minimumItemCount":5000},"secureData":{"properties":["inputs","outputs"]}}},"Aplicar_a_cada_uno_SST":{"foreach":"@outputs('Enumerar_las_filas_de_SST')?['body/value']","actions":{"Actualizar_una_fila_RESUMEN_SST":{"runAfter":{},"metadata":{"01ER4TYAYFJOIHYAIPSFAYZQDNEVCLIJHZ":"/Valoracion 360/Seleccion MVP - Plan Talento/Plan_Talento.xlsx","operationMetadataId":"ba6ff17c-72be-477c-bdce-dd261b3d7218","tableId":"{E35EEC33-4976-4245-8656-0710D4DA2514}","01ER4TYA5ETMUQPIWPDZALINZAUZPZ56M3":"/Valoracion 360/Seleccion MVP - Plan Talento/Plan_Talento.xlsx","01ER4TYA5GTMVOOEDJB5FJORG4S7ZP7Z3D":"/Valoracion 360/Seleccion MVP - Plan Talento/Plan_Talento.xlsx","01ER4TYA4V5EBHATQNOBAKBUUANV4QUYBB":"/Valoracion 360/Seleccion MVP - Plan Talento/Plan_Talento-Copia.xlsx","01ER4TYA4U4JRYT7NWN5G3O3OS53NLV2RK":"/Valoracion 360/Seleccion MVP - Plan Talento/Plan_Talento.xlsx"},"type":"OpenApiConnection","inputs":{"host":{"apiId":"/providers/Microsoft.PowerApps/apis/shared_excelonlinebusiness","connectionName":"shared_excelonlinebusiness","operationId":"PatchItem"},"parameters":{"source":"me","drive":"b!214-VVQAF0KOwwCog90bNCVotCkVLNtGtS0t9CuNf3krnXfdbYLbSoWI_5AmPGqE","file":"01ER4TYA4U4JRYT7NWN5G3O3OS53NLV2RK","table":"{E35EEC33-4976-4245-8656-0710D4DA2514}","idColumn":"Id","id":"@items('Aplicar_a_cada_uno_SST')?['Id']","item/SST":"@items('Aplicar_a_cada_uno_SST')?['observaciones ']"},"authentication":"@parameters('$authentication')"}}},"runAfter":{"Enumerar_las_filas_de_SST":["Succeeded"]},"metadata":{"operationMetadataId":"a77f568b-268f-4df2-840d-d426a42cc704"},"type":"Foreach"},"Enumerar_las_filas_de_RESUMEN":{"runAfter":{"Enumerar_las_filas_de_una_tabla_APROBADOS":["Succeeded"]},"metadata":{"01ER4TYAYFJOIHYAIPSFAYZQDNEVCLIJHZ":"/Valoracion 360/Seleccion MVP - Plan Talento/Plan_Talento.xlsx","operationMetadataId":"e9a1bfbc-e28d-4ff3-9fbf-8146e568561f","tableId":"{E35EEC33-4976-4245-8656-0710D4DA2514}","01ER4TYA5ETMUQPIWPDZALINZAUZPZ56M3":"/Valoracion 360/Seleccion MVP - Plan Talento/Plan_Talento.xlsx","01ER4TYA5GTMVOOEDJB5FJORG4S7ZP7Z3D":"/Valoracion 360/Seleccion MVP - Plan Talento/Plan_Talento.xlsx","01ER4TYA4V5EBHATQNOBAKBUUANV4QUYBB":"/Valoracion 360/Seleccion MVP - Plan Talento/Plan_Talento-Copia.xlsx","01ER4TYA4U4JRYT7NWN5G3O3OS53NLV2RK":"/Valoracion 360/Seleccion MVP - Plan Talento/Plan_Talento.xlsx"},"type":"OpenApiConnection","inputs":{"host":{"apiId":"/providers/Microsoft.PowerApps/apis/shared_excelonlinebusiness","connectionName":"shared_excelonlinebusiness","operationId":"GetItems"},"parameters":{"source":"me","drive":"b!214-VVQAF0KOwwCog90bNCVotCkVLNtGtS0t9CuNf3krnXfdbYLbSoWI_5AmPGqE","file":"01ER4TYA4U4JRYT7NWN5G3O3OS53NLV2RK","table":"{E35EEC33-4976-4245-8656-0710D4DA2514}","$filter":"Desición eq 'PENDIENTE'"},"authentication":"@parameters('$authentication')"},"runtimeConfiguration":{"paginationPolicy":{"minimumItemCount":5000},"secureData":{"properties":["inputs","outputs"]}}},"Aplicar_a_Cada_uno_Tabla_Resumen":{"foreach":"@outputs('Enumerar_las_filas_de_RESUMEN')?['body/value']","actions":{"Condición":{"actions":{"Agregar_una_fila_a_tabla_NO_APROBADOS":{"runAfter":{},"metadata":{"01ER4TYAYFJOIHYAIPSFAYZQDNEVCLIJHZ":"/Valoracion 360/Seleccion MVP - Plan Talento/Plan_Talento.xlsx","operationMetadataId":"5da2ed41-1b42-49dd-a70d-d0046fcd32fa","tableId":"{00000000-000C-0000-FFFF-FFFF09000000}","01ER4TYA5ETMUQPIWPDZALINZAUZPZ56M3":"/Valoracion 360/Seleccion MVP - Plan Talento/Plan_Talento.xlsx","01ER4TYA5GTMVOOEDJB5FJORG4S7ZP7Z3D":"/Valoracion 360/Seleccion MVP - Plan Talento/Plan_Talento.xlsx","01ER4TYA4V5EBHATQNOBAKBUUANV4QUYBB":"/Valoracion 360/Seleccion MVP - Plan Talento/Plan_Talento-Copia.xlsx","01ER4TYA4U4JRYT7NWN5G3O3OS53NLV2RK":"/Valoracion 360/Seleccion MVP - Plan Talento/Plan_Talento.xlsx"},"type":"OpenApiConnection","inputs":{"host":{"apiId":"/providers/Microsoft.PowerApps/apis/shared_excelonlinebusiness","connectionName":"shared_excelonlinebusiness","operationId":"AddRowV2"},"parameters":{"source":"me","drive":"b!214-VVQAF0KOwwCog90bNCVotCkVLNtGtS0t9CuNf3krnXfdbYLbSoWI_5AmPGqE","file":"01ER4TYA4U4JRYT7NWN5G3O3OS53NLV2RK","table":"{00000000-000C-0000-FFFF-FFFF09000000}","item/Fecha":"@utcNow('dd/MM/yyyy')","item/Id":"@items('Aplicar_a_Cada_uno_Tabla_Resumen')?['Id']","item/Proceso":"@items('Aplicar_a_Cada_uno_Tabla_Resumen')?['Proceso']","item/Tipo de Documento":"@items('Aplicar_a_Cada_uno_Tabla_Resumen')?['Tipo de Documento']","item/Documento":"@items('Aplicar_a_Cada_uno_Tabla_Resumen')?['Documento']","item/Nombre de quien solicita":"@items('Aplicar_a_Cada_uno_Tabla_Resumen')?['Nombre de quien solicita']","item/Cargo del solicitante":"@items('Aplicar_a_Cada_uno_Tabla_Resumen')?['Cargo del solicitante']","item/Cargo a solicitar":"@items('Aplicar_a_Cada_uno_Tabla_Resumen')?['Cargo a solicitar']","item/Correo":"@items('Aplicar_a_Cada_uno_Tabla_Resumen')?['Correo']","item/Estado":"PENDIENTE"},"authentication":"@parameters('$authentication')"}},"Actualizar_fila_RESUMEN_NO_APROBADO":{"runAfter":{"Agregar_una_fila_a_tabla_NO_APROBADOS":["Succeeded"]},"metadata":{"01ER4TYAYFJOIHYAIPSFAYZQDNEVCLIJHZ":"/Valoracion 360/Seleccion MVP - Plan Talento/Plan_Talento.xlsx","operationMetadataId":"1da07a34-2f79-47a7-aa52-2f894ad9c2d1","tableId":"{E35EEC33-4976-4245-8656-0710D4DA2514}","01ER4TYA5ETMUQPIWPDZALINZAUZPZ56M3":"/Valoracion 360/Seleccion MVP - Plan Talento/Plan_Talento.xlsx","01ER4TYA5GTMVOOEDJB5FJORG4S7ZP7Z3D":"/Valoracion 360/Seleccion MVP - Plan Talento/Plan_Talento.xlsx","01ER4TYA4V5EBHATQNOBAKBUUANV4QUYBB":"/Valoracion 360/Seleccion MVP - Plan Talento/Plan_Talento-Copia.xlsx","01ER4TYA4U4JRYT7NWN5G3O3OS53NLV2RK":"/Valoracion 360/Seleccion MVP - Plan Talento/Plan_Talento.xlsx"},"type":"OpenApiConnection","inputs":{"host":{"apiId":"/providers/Microsoft.PowerApps/apis/shared_excelonlinebusiness","connectionName":"shared_excelonlinebusiness","operationId":"PatchItem"},"parameters":{"source":"me","drive":"b!214-VVQAF0KOwwCog90bNCVotCkVLNtGtS0t9CuNf3krnXfdbYLbSoWI_5AmPGqE","file":"01ER4TYA4U4JRYT7NWN5G3O3OS53NLV2RK","table":"{E35EEC33-4976-4245-8656-0710D4DA2514}","idColumn":"Id","id":"@items('Aplicar_a_Cada_uno_Tabla_Resumen')?['Id']","item/EstadoResumen":"CERRADO","item/Desición":"NO APROBADO"},"authentication":"@parameters('$authentication')"}}},"runAfter":{},"else":{"actions":{"Condición_2":{"actions":{"Agregar_una_fila_a_una_tabla_APROBADOS":{"runAfter":{},"metadata":{"01ER4TYAYFJOIHYAIPSFAYZQDNEVCLIJHZ":"/Valoracion 360/Seleccion MVP - Plan Talento/Plan_Talento.xlsx","operationMetadataId":"4b0ba359-71a6-42e4-9fc6-f33e3382af0f","tableId":"{00000000-000C-0000-FFFF-FFFF0A000000}","01ER4TYA5ETMUQPIWPDZALINZAUZPZ56M3":"/Valoracion 360/Seleccion MVP - Plan Talento/Plan_Talento.xlsx","01ER4TYA5GTMVOOEDJB5FJORG4S7ZP7Z3D":"/Valoracion 360/Seleccion MVP - Plan Talento/Plan_Talento.xlsx","01ER4TYA4V5EBHATQNOBAKBUUANV4QUYBB":"/Valoracion 360/Seleccion MVP - Plan Talento/Plan_Talento-Copia.xlsx","01ER4TYA4U4JRYT7NWN5G3O3OS53NLV2RK":"/Valoracion 360/Seleccion MVP - Plan Talento/Plan_Talento.xlsx"},"type":"OpenApiConnection","inputs":{"host":{"apiId":"/providers/Microsoft.PowerApps/apis/shared_excelonlinebusiness","connectionName":"shared_excelonlinebusiness","operationId":"AddRowV2"},"parameters":{"source":"me","drive":"b!214-VVQAF0KOwwCog90bNCVotCkVLNtGtS0t9CuNf3krnXfdbYLbSoWI_5AmPGqE","file":"01ER4TYA4U4JRYT7NWN5G3O3OS53NLV2RK","table":"{00000000-000C-0000-FFFF-FFFF0A000000}","item/Fecha":"@UtcNow('dd/MM/yyyy')","item/Id":"@items('Aplicar_a_Cada_uno_Tabla_Resumen')?['Id']","item/Proceso":"@items('Aplicar_a_Cada_uno_Tabla_Resumen')?['Proceso']","item/Tipo de Documento":"@items('Aplicar_a_Cada_uno_Tabla_Resumen')?['Tipo de Documento']","item/Documento":"@items('Aplicar_a_Cada_uno_Tabla_Resumen')?['Documento']","item/Número de contacto":"@items('Aplicar_a_Cada_uno_Tabla_Resumen')?['Número de contacto']","item/Nombre de quien solicita":"@items('Aplicar_a_Cada_uno_Tabla_Resumen')?['Nombre de quien solicita']","item/Cargo del solicitante":"@items('Aplicar_a_Cada_uno_Tabla_Resumen')?['Cargo del solicitante']","item/Cargo a solicitar":"@items('Aplicar_a_Cada_uno_Tabla_Resumen')?['Cargo a solicitar']","item/Area":"@items('Aplicar_a_Cada_uno_Tabla_Resumen')?['Area']","item/Nombre Lider":"@items('Aplicar_a_Cada_uno_Tabla_Resumen')?['Nombre Lider Proceso']","item/Correo":"@items('Aplicar_a_Cada_uno_Tabla_Resumen')?['Correo']","item/Zona":"@items('Aplicar_a_Cada_uno_Tabla_Resumen')?['Zona']","item/Oficina":"@items('Aplicar_a_Cada_uno_Tabla_Resumen')?['Oficina']","item/Empresa":"@items('Aplicar_a_Cada_uno_Tabla_Resumen')?['Empresa']","item/Estado":"PENDIENTE","item/Seleccionado":"PENDIENTE","item/Persona_Seleccionada_Cargo":"VACIO"},"authentication":"@parameters('$authentication')"}},"Actualizar_una_fila_RESUMEN":{"runAfter":{"Agregar_una_fila_a_una_tabla_APROBADOS":["Succeeded"]},"metadata":{"01ER4TYAYFJOIHYAIPSFAYZQDNEVCLIJHZ":"/Valoracion 360/Seleccion MVP - Plan Talento/Plan_Talento.xlsx","operationMetadataId":"f56175be-0e34-44c3-b850-e196d0fedfef","tableId":"{E35EEC33-4976-4245-8656-0710D4DA2514}","01ER4TYA5ETMUQPIWPDZALINZAUZPZ56M3":"/Valoracion 360/Seleccion MVP - Plan Talento/Plan_Talento.xlsx","01ER4TYA5GTMVOOEDJB5FJORG4S7ZP7Z3D":"/Valoracion 360/Seleccion MVP - Plan Talento/Plan_Talento.xlsx","01ER4TYA4V5EBHATQNOBAKBUUANV4QUYBB":"/Valoracion 360/Seleccion MVP - Plan Talento/Plan_Talento-Copia.xlsx","01ER4TYA4U4JRYT7NWN5G3O3OS53NLV2RK":"/Valoracion 360/Seleccion MVP - Plan Talento/Plan_Talento.xlsx"},"type":"OpenApiConnection","inputs":{"host":{"apiId":"/providers/Microsoft.PowerApps/apis/shared_excelonlinebusiness","connectionName":"shared_excelonlinebusiness","operationId":"PatchItem"},"parameters":{"source":"me","drive":"b!214-VVQAF0KOwwCog90bNCVotCkVLNtGtS0t9CuNf3krnXfdbYLbSoWI_5AmPGqE","file":"01ER4TYA4U4JRYT7NWN5G3O3OS53NLV2RK","table":"{E35EEC33-4976-4245-8656-0710D4DA2514}","idColumn":"Id","id":"@items('Aplicar_a_Cada_uno_Tabla_Resumen')?['Id']","item/EstadoResumen":"PENDIENTE","item/Desición":"APROBADO"},"authentication":"@parameters('$authentication')"}},"Enviar_correo_electrónico_al_Postulante":{"runAfter":{"Actualizar_una_fila_RESUMEN":["Succeeded"]},"metadata":{"operationMetadataId":"29aadff9-8a3d-4569-add5-e02591f85d22"},"type":"OpenApiConnection","inputs":{"host":{"apiId":"/providers/Microsoft.PowerApps/apis/shared_office365","connectionName":"shared_office365","operationId":"SendEmailV2"},"parameters":{"emailMessage/To":"@outputs('Actualizar_una_fila_RESUMEN')?['body/Correo']","emailMessage/Subject":"Has avanzado en tu proceso de Plan Talento.","emailMessage/Body":"<p>Hola @{outputs('Actualizar_una_fila_RESUMEN')?['body/Nombre de quien solicita']}<br>\n<br>\n¡Estamos felices por ti!<br>\n<br>\nLlegó el momento de conocer tu magia, conocimientos, motivadores y por supuesto tu potencial para avanzar en esta búsqueda de talento e inspiración. Para nosotros es un honor contar con tu participación en el proceso de “@{outputs('Actualizar_una_fila_RESUMEN')?['body/Cargo a solicitar']}” y decirte que has avanzado a la siguiente etapa del proceso.<br>\n<br>\nRecuerda estar pendiente de tus medios de contacto (celular y correo electrónico) porque nos estaremos comunicando contigo para darte información sobre la siguiente etapa. <br>\n<br>\n¡Vive la magia de Plan Talento!<br>\n<br>\nMil gracias por tu tiempo.<br>\n<br>\n<strong>*Este es un correo que se envía automáticamente, por favor no responder.</strong><br>\n<br>\n</p>\n<p style=\"text-align: center;\">\n<img src=\"https://www.gruporeditos.com/wp-content/uploads/2024/07/FIRMA-PLAN-TALENTO-768x155.jpg\" width=\"800\" height=\"auto\">\n</p>","emailMessage/From":"correo.automatizacion@gruporeditos.com","emailMessage/Importance":"Normal"},"authentication":"@parameters('$authentication')"}}},"runAfter":{},"expression":{"and":[{"and":[{"startsWith":["@items('Aplicar_a_Cada_uno_Tabla_Resumen')?['RL']","Sin observaciones"]},{"startsWith":["@items('Aplicar_a_Cada_uno_Tabla_Resumen')?['SST']","Sin observaciones"]}]},{"not":{"equals":["@items('Aplicar_a_Cada_uno_Tabla_Resumen')?['Desición']","APROBADO"]}}]},"metadata":{"operationMetadataId":"573539ba-70cd-4f09-8363-501580a3d31c"},"type":"If"}}},"expression":{"and":[{"or":[{"startsWith":["@items('Aplicar_a_Cada_uno_Tabla_Resumen')?['RL']","Con observaciones"]},{"startsWith":["@items('Aplicar_a_Cada_uno_Tabla_Resumen')?['SST']","Con observaciones"]}]},{"not":{"equals":["@items('Aplicar_a_Cada_uno_Tabla_Resumen')?['Desición']","NO APROBADO"]}}]},"metadata":{"operationMetadataId":"910b78d4-1867-44ea-8f72-6856b2e61632"},"type":"If"}},"runAfter":{"Retraso_7":["Succeeded"]},"metadata":{"operationMetadataId":"008c122a-5ec3-4906-a648-b1c34f3f920f"},"type":"Foreach"},"Enumerar_las_filas_de_una_tabla_NO_APROBADOS":{"runAfter":{"Aplicar_a_cada_uno_POE":["Succeeded"]},"metadata":{"01ER4TYAYFJOIHYAIPSFAYZQDNEVCLIJHZ":"/Valoracion 360/Seleccion MVP - Plan Talento/Plan_Talento.xlsx","operationMetadataId":"9464eee5-1a09-4e47-8f6d-e275eb003180","tableId":"{00000000-000C-0000-FFFF-FFFF09000000}","01ER4TYA5ETMUQPIWPDZALINZAUZPZ56M3":"/Valoracion 360/Seleccion MVP - Plan Talento/Plan_Talento.xlsx","01ER4TYA5GTMVOOEDJB5FJORG4S7ZP7Z3D":"/Valoracion 360/Seleccion MVP - Plan Talento/Plan_Talento.xlsx","01ER4TYA4V5EBHATQNOBAKBUUANV4QUYBB":"/Valoracion 360/Seleccion MVP - Plan Talento/Plan_Talento-Copia.xlsx","01ER4TYA4U4JRYT7NWN5G3O3OS53NLV2RK":"/Valoracion 360/Seleccion MVP - Plan Talento/Plan_Talento.xlsx"},"type":"OpenApiConnection","inputs":{"host":{"apiId":"/providers/Microsoft.PowerApps/apis/shared_excelonlinebusiness","connectionName":"shared_excelonlinebusiness_1","operationId":"GetItems"},"parameters":{"source":"me","drive":"b!214-VVQAF0KOwwCog90bNCVotCkVLNtGtS0t9CuNf3krnXfdbYLbSoWI_5AmPGqE","file":"01ER4TYA4U4JRYT7NWN5G3O3OS53NLV2RK","table":"{00000000-000C-0000-FFFF-FFFF09000000}"},"authentication":"@parameters('$authentication')"},"runtimeConfiguration":{"paginationPolicy":{"minimumItemCount":5000},"secureData":{"properties":["inputs","outputs"]}}},"Enumerar_las_filas_de_una_tabla_APROBADOS":{"runAfter":{"Enumerar_las_filas_de_una_tabla_NO_APROBADOS":["Succeeded"]},"metadata":{"01ER4TYAYFJOIHYAIPSFAYZQDNEVCLIJHZ":"/Valoracion 360/Seleccion MVP - Plan Talento/Plan_Talento.xlsx","operationMetadataId":"c283ddd1-128c-4d3d-833c-260ba770674f","tableId":"{00000000-000C-0000-FFFF-FFFF0A000000}","01ER4TYA5ETMUQPIWPDZALINZAUZPZ56M3":"/Valoracion 360/Seleccion MVP - Plan Talento/Plan_Talento.xlsx","01ER4TYA5GTMVOOEDJB5FJORG4S7ZP7Z3D":"/Valoracion 360/Seleccion MVP - Plan Talento/Plan_Talento.xlsx","01ER4TYA4V5EBHATQNOBAKBUUANV4QUYBB":"/Valoracion 360/Seleccion MVP - Plan Talento/Plan_Talento-Copia.xlsx","01ER4TYA4U4JRYT7NWN5G3O3OS53NLV2RK":"/Valoracion 360/Seleccion MVP - Plan Talento/Plan_Talento.xlsx"},"type":"OpenApiConnection","inputs":{"host":{"apiId":"/providers/Microsoft.PowerApps/apis/shared_excelonlinebusiness","connectionName":"shared_excelonlinebusiness","operationId":"GetItems"},"parameters":{"source":"me","drive":"b!214-VVQAF0KOwwCog90bNCVotCkVLNtGtS0t9CuNf3krnXfdbYLbSoWI_5AmPGqE","file":"01ER4TYA4U4JRYT7NWN5G3O3OS53NLV2RK","table":"{00000000-000C-0000-FFFF-FFFF0A000000}"},"authentication":"@parameters('$authentication')"},"runtimeConfiguration":{"paginationPolicy":{"minimumItemCount":5000},"secureData":{"properties":["inputs","outputs"]}}},"Retraso":{"runAfter":{"Aplicar_a_cada_uno_RL":["Succeeded"]},"metadata":{"operationMetadataId":"e67f2bc6-0e03-494b-b4f3-0adf1b6e2bfc"},"type":"Wait","inputs":{"interval":{"count":10,"unit":"Second"}}},"Retraso_2":{"runAfter":{"Aplicar_a_cada_uno_SST":["Succeeded"]},"metadata":{"operationMetadataId":"cc808322-b798-4c00-adef-9db416f0e946"},"type":"Wait","inputs":{"interval":{"count":10,"unit":"Second"}}},"Retraso_4":{"runAfter":{"Aplicar_a_cada_uno_GCT":["Succeeded"]},"metadata":{"operationMetadataId":"a8788d4f-008e-4312-9a6f-b1dd8daca46c"},"type":"Wait","inputs":{"interval":{"count":10,"unit":"Second"}}},"Retraso_5":{"runAfter":{"Aplicar_a_cada_uno_COM":["Succeeded"]},"metadata":{"operationMetadataId":"f0e405f4-657f-4117-94b8-5b6f2de877eb"},"type":"Wait","inputs":{"interval":{"count":10,"unit":"Second"}}},"Retraso_6":{"runAfter":{"Aplicar_a_cada_uno_EXP":["Succeeded"]},"metadata":{"operationMetadataId":"9083cd87-7325-47be-bcc5-a158d5dac482"},"type":"Wait","inputs":{"interval":{"count":10,"unit":"Second"}}},"Retraso_7":{"runAfter":{"Enumerar_las_filas_de_RESUMEN":["Succeeded"]},"metadata":{"operationMetadataId":"d23dd1d9-452e-4fed-a245-17baf2dce2c3"},"type":"Wait","inputs":{"interval":{"count":10,"unit":"Second"}}},"Retraso_8":{"runAfter":{"Enumerar_las_filas_de_RL":["Succeeded"]},"metadata":{"operationMetadataId":"5621c3ba-30ea-4949-a43f-2c53d67bd0bb"},"type":"Wait","inputs":{"interval":{"count":10,"unit":"Second"}}},"Aplicar_a_cada_uno_RL":{"foreach":"@outputs('Enumerar_las_filas_de_RL')?['body/value']","actions":{"Actualizar_una_fila_RESUMEN_RL":{"runAfter":{},"metadata":{"01ER4TYAYFJOIHYAIPSFAYZQDNEVCLIJHZ":"/Valoracion 360/Seleccion MVP - Plan Talento/Plan_Talento.xlsx","operationMetadataId":"ba6ff17c-72be-477c-bdce-dd261b3d7218","tableId":"{E35EEC33-4976-4245-8656-0710D4DA2514}","01ER4TYA5ETMUQPIWPDZALINZAUZPZ56M3":"/Valoracion 360/Seleccion MVP - Plan Talento/Plan_Talento.xlsx","01ER4TYA5GTMVOOEDJB5FJORG4S7ZP7Z3D":"/Valoracion 360/Seleccion MVP - Plan Talento/Plan_Talento.xlsx","01ER4TYA4V5EBHATQNOBAKBUUANV4QUYBB":"/Valoracion 360/Seleccion MVP - Plan Talento/Plan_Talento-Copia.xlsx","01ER4TYA4U4JRYT7NWN5G3O3OS53NLV2RK":"/Valoracion 360/Seleccion MVP - Plan Talento/Plan_Talento.xlsx"},"type":"OpenApiConnection","inputs":{"host":{"apiId":"/providers/Microsoft.PowerApps/apis/shared_excelonlinebusiness","connectionName":"shared_excelonlinebusiness","operationId":"PatchItem"},"parameters":{"source":"me","drive":"b!214-VVQAF0KOwwCog90bNCVotCkVLNtGtS0t9CuNf3krnXfdbYLbSoWI_5AmPGqE","file":"01ER4TYA4U4JRYT7NWN5G3O3OS53NLV2RK","table":"{E35EEC33-4976-4245-8656-0710D4DA2514}","idColumn":"Id","id":"@items('Aplicar_a_cada_uno_RL')?['Id']","item/RL":"@items('Aplicar_a_cada_uno_RL')?['observaciones']"},"authentication":"@parameters('$authentication')"}}},"runAfter":{"Retraso_8":["Succeeded"]},"metadata":{"operationMetadataId":"a77f568b-268f-4df2-840d-d426a42cc704"},"type":"Foreach"}},"description":"Bot que se ejecuta de manera recurrente, el cual lleva las observaciones de las hojas de excel de los procesos hacia la hoja de Resumen; además de calificar si la persona ha sido aprobada o no y de esa manera llevarla a la respectiva hoja de aprobado o no aprobado"},"connectionReferences":{"shared_excelonlinebusiness":{"connectionName":"shared-excelonlinebu-88221fb7-84dd-4eac-be15-e697affa73b3","source":"Embedded","id":"/providers/Microsoft.PowerApps/apis/shared_excelonlinebusiness","tier":"NotSpecified"},"shared_office365":{"connectionName":"shared-office365-3bc666e1-692b-4abb-a710-529dabe7cd43","source":"Embedded","id":"/providers/Microsoft.PowerApps/apis/shared_office365","tier":"NotSpecified"},"shared_excelonlinebusiness_1":{"connectionName":"shared-excelonlinebu-88221fb7-84dd-4eac-be15-e697affa73b3","source":"Embedded","id":"/providers/Microsoft.PowerApps/apis/shared_excelonlinebusiness","tier":"NotSpecified"}},"flowFailureAlertSubscribed":false,"isManaged":false}}