{"name":"5588c672-0e02-487b-8c5d-c8f0560f4354","id":"/providers/Microsoft.Flow/flows/5588c672-0e02-487b-8c5d-c8f0560f4354","type":"Microsoft.Flow/flows","properties":{"apiId":"/providers/Microsoft.PowerApps/apis/shared_logicflows","displayName":"Copy of - Valoracion 360 - Respuesta DO","definition":{"metadata":{"workflowEntityId":null,"processAdvisorMetadata":null,"flowChargedByPaygo":null,"flowclientsuspensionreason":"None","flowclientsuspensiontime":null,"flowclientsuspensionreasondetails":null,"creator":{"id":"cf999034-e3c2-41fe-a9b6-90ef2e3f5c48","type":"User","tenantId":"d6a2ecba-dd2a-4f0c-a632-6798e31995bb"},"provisioningMethod":"FromDefinition","failureAlertSubscription":true,"clientLastModifiedTime":"2024-07-22T18:43:37.6098818Z","connectionKeySavedTimeKey":"2024-07-22T18:43:37.6098818Z"},"$schema":"https://schema.management.azure.com/providers/Microsoft.Logic/schemas/2016-06-01/workflowdefinition.json#","contentVersion":"1.0.0.0","parameters":{"$connections":{"defaultValue":{},"type":"Object"},"$authentication":{"defaultValue":{},"type":"SecureObject"}},"triggers":{"Cuando_se_crea_o_se_modifica_un_elemento":{"recurrence":{"frequency":"Minute","interval":1},"splitOn":"@triggerOutputs()?['body/value']","metadata":{"operationMetadataId":"bdc2fdd4-d4ad-4cc9-aab1-3fc37665923b"},"type":"OpenApiConnection","inputs":{"host":{"apiId":"/providers/Microsoft.PowerApps/apis/shared_sharepointonline","connectionName":"shared_sharepointonline_1","operationId":"GetOnUpdatedItems"},"parameters":{"dataset":"https://ganasa.sharepoint.com/sites/DesarrolloOrganizacional","table":"0bcd5fe0-3ec4-4e78-8bff-b4b75186aea5"},"authentication":"@parameters('$authentication')"}}},"actions":{"Condition":{"actions":{},"runAfter":{"Delay":["Succeeded"]},"else":{"actions":{"Condition_2":{"actions":{"Actualizar_Datos_Postulantes_Desarrollo_Competencia":{"runAfter":{},"metadata":{"01ER4TYA2KOTWJ3Y7MMVDLBWENDZCEHUHC":"/Valoracion 360/Desarrollo Humano/Desarrollo_Humano.xlsx","operationMetadataId":"81c1683a-d689-4839-ab26-0c9f5fcb6787","tableId":"{00000000-000C-0000-FFFF-FFFF00000000}","01ER4TYA5XSWFMYM63AFHLUCTGKX7RZ7ES":"/Valoracion 360/Desarrollo Humano/Desarrollo_Humano-Copia.xlsx","01ER4TYA766JUBSFOBBRHIMIP57A2IY662":"/Valoracion 360/Desarrollo Humano/Desarrollo_Humano-Copia.xlsx","01ER4TYAYOOKENQJD7VNDYAAQW5TL3CNYG":"/Valoracion 360/Desarrollo Humano/Desarrollo_Humano.xlsx"},"type":"OpenApiConnection","inputs":{"host":{"apiId":"/providers/Microsoft.PowerApps/apis/shared_excelonlinebusiness","connectionName":"shared_excelonlinebusiness_1","operationId":"PatchItem"},"parameters":{"source":"me","drive":"b!214-VVQAF0KOwwCog90bNCVotCkVLNtGtS0t9CuNf3krnXfdbYLbSoWI_5AmPGqE","file":"01ER4TYAYOOKENQJD7VNDYAAQW5TL3CNYG","table":"{00000000-000C-0000-FFFF-FFFF00000000}","idColumn":"Id","id":"@triggerOutputs()?['body/Identificador']","item/Plan Accion Experiencial":"@triggerOutputs()?['body/PlanAccionExperiencial']","item/Fecha Inicial Experiencial":"@triggerOutputs()?['body/FechaInicialExperiencial']","item/Fecha Final Experiencial":"@triggerOutputs()?['body/FechaFinalExperiencial']","item/Plan Accion Social":"@triggerOutputs()?['body/PlanAccionSocial']","item/Fecha Inicial Social":"@triggerOutputs()?['body/FechaInicialSocial']","item/Fecha Final Social":"@triggerOutputs()?['body/FechaFinalSocial']","item/Plan Accion Formal":"@triggerOutputs()?['body/PlanAccionFormal']","item/Fecha Inicial Formal":"@triggerOutputs()?['body/FechaInicialFormal']","item/Fecha Final Formal":"@triggerOutputs()?['body/FechaFinalFormal']","item/Automatizacion":"Excel"},"authentication":"@parameters('$authentication')"}}},"runAfter":{},"expression":{"startsWith":["@triggerOutputs()?['body/Estado']","CERRADO"]},"metadata":{"operationMetadataId":"264a3c5d-b001-4227-8b21-118127f8c587"},"type":"If"}}},"expression":{"startsWith":["@triggerOutputs()?['body/Estado']","ABIERTO"]},"metadata":{"operationMetadataId":"b0bc20d7-a447-49a0-9c05-d25d0a760f06"},"type":"If"},"Delay":{"runAfter":{},"metadata":{"operationMetadataId":"77cd29be-1f32-4b21-bb6a-d60b812df97a"},"type":"Wait","inputs":{"interval":{"count":2,"unit":"Minute"}}}},"description":"Este bot Guarda en el origen de datos DesarrolloOrganizacional, la respuesta que este proceso asigna a cada una de las personas seleccionadas y habilitadas en aplicacion"},"connectionReferences":{"shared_excelonlinebusiness_1":{"connectionName":"shared-excelonlinebu-88221fb7-84dd-4eac-be15-e697affa73b3","source":"Embedded","id":"/providers/Microsoft.PowerApps/apis/shared_excelonlinebusiness","tier":"NotSpecified"},"shared_sharepointonline_1":{"connectionName":"shared-sharepointonl-ae9a7a6a-01fd-437a-a990-8fff31f7a664","source":"Embedded","id":"/providers/Microsoft.PowerApps/apis/shared_sharepointonline","tier":"NotSpecified"}},"flowFailureAlertSubscribed":false,"isManaged":false}}