{"schemaVersion":"1.0","appDefinitionTemplate":{"id":"/providers/Microsoft.PowerApps/apps/","type":"Microsoft.PowerApps/apps","tags":{"primaryDeviceWidth":"1366","primaryDeviceHeight":"768","supportsPortrait":"true","supportsLandscape":"true","primaryFormFactor":"Tablet","showStatusBar":"false","publisherVersion":"3.24082.13","minimumRequiredApiVersion":"2.2.0","hasComponent":"false","hasUnlockedComponent":"false","isUnifiedRootApp":"false","sienaVersion":"20240827T154542Z-3.24082.13.0"},"properties":{"appVersion":"2024-08-27T15:45:42Z","lifeCycleId":"Published","createdByClientVersion":{"major":3,"minor":24082,"build":13,"revision":0,"majorRevision":0,"minorRevision":0},"minClientVersion":{"major":3,"minor":24082,"build":13,"revision":0,"majorRevision":0,"minorRevision":0},"backgroundColor":"rgba(255, 255, 255, 1)","backgroundImageUri":"/3031909986934813170/N6f411d40-56dd-4990-8702-90c9ab8272a0-logoSmallFile","displayName":"PlanTalento","description":"","commitMessage":"","appUris":{"documentUri":{"value":"/3031909986934813170/N8540dbb3-4ca3-4b7c-8e30-568e13508af9-document.msapp"},"imageUris":[],"additionalUris":[{"isSolutionAware":false,"value":"/3031909986934813170/Na1a20eb7-b468-4aae-9f0d-e56e64a33a94-identity.json"}]},"createdTime":"0001-01-01T00:00:00Z","lastModifiedTime":"0001-01-01T00:00:00Z","sharedGroupsCount":0,"sharedUsersCount":0,"connectionReferences":{"6610dc26-7f43-46d9-94ee-5e15c0d63d61":{"id":"7ff93a4b-b106-4531-a28b-37fb137a6297","displayName":"SharePoint","iconUri":"https://connectoricons-prod.azureedge.net/u/jayawan/releases/v1.0.1697/1.0.1697.3786/sharepointonline/icon.png","dataSources":["RL","SST","POE","COM","Aprobados","Aprobados_2","DO","DO2","DH","EXP"],"dependencies":[],"dependents":[],"parameterHints":{},"parameterHintsV2":{},"isOnPremiseConnection":false,"bypassConsent":false,"dataSets":{"https://ganasa.sharepoint.com/sites/Plan_Carrera":{"dataSources":{"RL":{"tableName":"0f9b4e1e-e88f-4c77-be24-3eb5d9d204e6"},"SST":{"tableName":"d2cd32de-29ed-4365-9f66-26f6e73c0bb6"},"POE":{"tableName":"6954ca6f-bcdd-4886-9464-553e24027cbf"},"COM":{"tableName":"1d4a7b32-7070-4164-a41a-323e670adcc5"},"Aprobados":{"tableName":"4770e729-4e28-41d8-b0f7-f2caf9005845"},"Aprobados_2":{"tableName":"849da6e6-a02a-4606-a5c2-e191ddb14c5a"},"DH":{"tableName":"38814041-8782-4c35-b90a-aab54b00e6c5"},"EXP":{"tableName":"bbb7e790-7a1a-470e-8f0e-049a2447273f"}}},"https://ganasa.sharepoint.com/sites/DesarrolloOrganizacional":{"dataSources":{"DO":{"tableName":"0bcd5fe0-3ec4-4e78-8bff-b4b75186aea5"},"DO2":{"tableName":"7d8d0360-f6e0-47bb-be1a-1c1bbccb3e62"}}}},"apiTier":"Standard","isCustomApiConnection":false,"actions":["providers/PowerPlatform.Governance/Operations/Read","providers/PowerPlatform.Governance/Operations/Write"]},"e04b2211-660e-4445-af5f-b125d02a1244":{"id":"a11bd507-586e-400e-b65c-8d5b73deadc2","displayName":"Usuarios de Office 365","iconUri":"https://connectoricons-prod.azureedge.net/releases/v1.0.1702/1.0.1702.3810/office365users/icon.png","dataSources":["UsuariosdeOffice365"],"dependencies":[],"dependents":[],"parameterHints":{},"parameterHintsV2":{},"isOnPremiseConnection":false,"bypassConsent":false,"dataSets":{},"apiTier":"Standard","isCustomApiConnection":false},"4b2cd1f9-d785-4468-8835-2b246274261a":{"id":"3b4c6b58-f319-433c-955e-c38a1ddeefa6","displayName":"Excel Online (Empresas)","iconUri":"https://connectoricons-prod.azureedge.net/u/jayawan/releases/v1.0.1694/1.0.1694.3753/excelonlinebusiness/icon.png","dataSources":["TablaAprobados"],"dependencies":[],"dependents":[],"parameterHints":{},"parameterHintsV2":{},"isOnPremiseConnection":false,"bypassConsent":false,"dataSets":{"me,b%2521214-VVQAF0KOwwCog90bNCVotCkVLNtGtS0t9CuNf3krnXfdbYLbSoWI_5AmPGqE,01ER4TYA4U4JRYT7NWN5G3O3OS53NLV2RK":{"dataSources":{"TablaAprobados":{"tableName":"{00000000-000C-0000-FFFF-FFFF0A000000}"}}}},"apiTier":"Standard","isCustomApiConnection":false,"actions":["providers/PowerPlatform.Governance/Operations/Read","providers/PowerPlatform.Governance/Operations/Write"]}},"databaseReferences":{},"almMode":"Environment","performanceOptimizationEnabled":false,"canConsumeAppPass":false,"enableModernRuntimeMode":false,"executionRestrictions":{"isTeamsOnly":false,"dataLossPreventionEvaluationResult":{"status":"Compliant","lastEvaluationDate":"2024-05-16T18:23:02.0226194Z","violations":[],"violationsByPolicy":[],"violationErrorMessage":"La aplicación usa los siguientes conectores: shared_sharepointonline, shared_office365users."}}},"appType":"ClassicCanvasApp","appComponents":[]}}