{"name":"48e02ddf-6deb-4789-b5eb-8b6745a2bf7d","id":"/providers/Microsoft.Flow/flows/48e02ddf-6deb-4789-b5eb-8b6745a2bf7d","type":"Microsoft.Flow/flows","properties":{"apiId":"/providers/Microsoft.PowerApps/apis/shared_logicflows","displayName":"Copy of - Valoracion 360 - Completar Informacion DO","definition":{"metadata":{"workflowEntityId":null,"processAdvisorMetadata":null,"flowChargedByPaygo":null,"flowclientsuspensionreason":"None","flowclientsuspensiontime":null,"flowclientsuspensionreasondetails":null,"creator":{"id":"cf999034-e3c2-41fe-a9b6-90ef2e3f5c48","type":"User","tenantId":"d6a2ecba-dd2a-4f0c-a632-6798e31995bb"},"provisioningMethod":"FromDefinition","failureAlertSubscription":true,"clientLastModifiedTime":"2024-07-22T18:40:54.2322506Z","connectionKeySavedTimeKey":"2024-07-22T18:40:54.2322506Z"},"$schema":"https://schema.management.azure.com/providers/Microsoft.Logic/schemas/2016-06-01/workflowdefinition.json#","contentVersion":"1.0.0.0","parameters":{"$connections":{"defaultValue":{},"type":"Object"},"$authentication":{"defaultValue":{},"type":"SecureObject"}},"triggers":{"Recurrence":{"recurrence":{"frequency":"Day","interval":1,"timeZone":"SA Pacific Standard Time","startTime":"2022-09-06T19:00:00.000Z","schedule":{"hours":["16"]}},"metadata":{"operationMetadataId":"b61c20dd-4d90-44f9-bd48-b910cd2eabe3"},"type":"Recurrence"}},"actions":{"Enumerar_filas_Desarrollo_Organizacional":{"runAfter":{},"metadata":{"01ER4TYA2KOTWJ3Y7MMVDLBWENDZCEHUHC":"/Valoracion 360/Desarrollo Humano/Desarrollo_Humano.xlsx","operationMetadataId":"68aa244b-a74e-4934-82be-72b6f8828353","tableId":"{00000000-000C-0000-FFFF-FFFF00000000}","01ER4TYA5XSWFMYM63AFHLUCTGKX7RZ7ES":"/Valoracion 360/Desarrollo Humano/Desarrollo_Humano-Copia.xlsx","01ER4TYA766JUBSFOBBRHIMIP57A2IY662":"/Valoracion 360/Desarrollo Humano/Desarrollo_Humano-Copia.xlsx","01ER4TYAYOOKENQJD7VNDYAAQW5TL3CNYG":"/Valoracion 360/Desarrollo Humano/Desarrollo_Humano.xlsx"},"type":"OpenApiConnection","inputs":{"host":{"apiId":"/providers/Microsoft.PowerApps/apis/shared_excelonlinebusiness","connectionName":"shared_excelonlinebusiness_1","operationId":"GetItems"},"parameters":{"source":"me","drive":"b!214-VVQAF0KOwwCog90bNCVotCkVLNtGtS0t9CuNf3krnXfdbYLbSoWI_5AmPGqE","file":"01ER4TYAYOOKENQJD7VNDYAAQW5TL3CNYG","table":"{00000000-000C-0000-FFFF-FFFF00000000}"},"authentication":"@parameters('$authentication')"}},"Retraso":{"runAfter":{"Enumerar_filas_Desarrollo_Organizacional":["Succeeded"]},"metadata":{"operationMetadataId":"0b6028c5-244e-44b3-8631-7eed02280e82"},"type":"Wait","inputs":{"interval":{"count":10,"unit":"Second"}}},"Aplicar_a_cada_uno_Desarrollo_Organizacional":{"foreach":"@outputs('Enumerar_filas_Desarrollo_Organizacional')?['body/value']","actions":{"Condición":{"actions":{},"runAfter":{},"else":{"actions":{"Buscar_archivos_en_la_carpeta":{"runAfter":{},"metadata":{"b!214-VVQAF0KOwwCog90bNCVotCkVLNtGtS0t9CuNf3krnXfdbYLbSoWI_5AmPGqE.01ER4TYAYKM3N4YKDISFEIHDRY47HKFGCP":"/Valoracion 360/Cambio De Cargo","operationMetadataId":"a0cb796b-a14b-4543-b5b7-e1e967d33e8f","b!214-VVQAF0KOwwCog90bNCVotCkVLNtGtS0t9CuNf3krnXfdbYLbSoWI_5AmPGqE.01ER4TYA7WEV4W2O7BXFBKG5BWWGRK2CTC":"/Valoracion 360/Cambio de cargo"},"type":"OpenApiConnection","inputs":{"host":{"apiId":"/providers/Microsoft.PowerApps/apis/shared_onedriveforbusiness","connectionName":"shared_onedriveforbusiness","operationId":"FindFiles"},"parameters":{"query":"@{items('Aplicar_a_cada_uno_Desarrollo_Organizacional')?['Cédula']}.xlsx","id":"b!214-VVQAF0KOwwCog90bNCVotCkVLNtGtS0t9CuNf3krnXfdbYLbSoWI_5AmPGqE.01ER4TYA7WEV4W2O7BXFBKG5BWWGRK2CTC","findMode":"OneDriveSearch","maxFileCount":10},"authentication":"@parameters('$authentication')"}},"Ámbito":{"actions":{"Aplicar_a_cada_resultado_de_busqueda":{"foreach":"@body('Buscar_archivos_en_la_carpeta')","actions":{"Enumerar_las_filas_de_una_tabla":{"runAfter":{},"metadata":{"operationMetadataId":"560de9b7-c6ba-4a71-911d-a4115ee68739","tableId":"datos"},"type":"OpenApiConnection","inputs":{"host":{"apiId":"/providers/Microsoft.PowerApps/apis/shared_excelonlinebusiness","connectionName":"shared_excelonlinebusiness_1","operationId":"GetItems"},"parameters":{"source":"me","drive":"b!214-VVQAF0KOwwCog90bNCVotCkVLNtGtS0t9CuNf3krnXfdbYLbSoWI_5AmPGqE","file":"/Valoracion 360/Cambio de cargo/@{items('Aplicar_a_cada_resultado_de_busqueda')?['Name']}","table":"datos"},"authentication":"@parameters('$authentication')"}},"Aplicar_a_cada_fila_del_archivo_cedula":{"foreach":"@outputs('Enumerar_las_filas_de_una_tabla')?['body/value']","actions":{"Actualizar_una_fila_2":{"runAfter":{},"metadata":{"01ER4TYA2KOTWJ3Y7MMVDLBWENDZCEHUHC":"/Valoracion 360/Desarrollo Humano/Desarrollo_Humano.xlsx","operationMetadataId":"dee590bc-612d-4cd8-93f2-a5194f4aa737","tableId":"{00000000-000C-0000-FFFF-FFFF00000000}","01ER4TYA5XSWFMYM63AFHLUCTGKX7RZ7ES":"/Valoracion 360/Desarrollo Humano/Desarrollo_Humano-Copia.xlsx","01ER4TYA766JUBSFOBBRHIMIP57A2IY662":"/Valoracion 360/Desarrollo Humano/Desarrollo_Humano-Copia.xlsx","01ER4TYAYOOKENQJD7VNDYAAQW5TL3CNYG":"/Valoracion 360/Desarrollo Humano/Desarrollo_Humano.xlsx"},"type":"OpenApiConnection","inputs":{"host":{"apiId":"/providers/Microsoft.PowerApps/apis/shared_excelonlinebusiness","connectionName":"shared_excelonlinebusiness_1","operationId":"PatchItem"},"parameters":{"source":"me","drive":"b!214-VVQAF0KOwwCog90bNCVotCkVLNtGtS0t9CuNf3krnXfdbYLbSoWI_5AmPGqE","file":"01ER4TYAYOOKENQJD7VNDYAAQW5TL3CNYG","table":"{00000000-000C-0000-FFFF-FFFF00000000}","idColumn":"Id","id":"@items('Aplicar_a_cada_uno_Desarrollo_Organizacional')?['Id']","item/Competencias a desarrollar":"@items('Aplicar_a_cada_fila_del_archivo_cedula')?['Competencias a desarrollar']","item/Puntaje de la Competencia":"@items('Aplicar_a_cada_fila_del_archivo_cedula')?['Puntaje de la Competencia']","item/Estado":"COMPLETO","item/Habilitado":"NO","item/Enviado":"PENDIENTE","item/Automatizacion":"PENDIENTE"},"authentication":"@parameters('$authentication')"}}},"runAfter":{"Enumerar_las_filas_de_una_tabla":["Succeeded"]},"metadata":{"operationMetadataId":"c7e95161-1cd8-414c-8a57-cd74ba2ee719"},"type":"Foreach"}},"runAfter":{},"metadata":{"operationMetadataId":"f5aa1a2c-9048-4867-afcb-ec8c6946ee6b"},"type":"Foreach"}},"runAfter":{"Buscar_archivos_en_la_carpeta":["Succeeded"]},"metadata":{"operationMetadataId":"e32fcf83-aae5-4b35-8524-635d0f04769e"},"type":"Scope"},"Ámbito_2":{"actions":{},"runAfter":{"Ámbito":["Failed","Skipped"]},"metadata":{"operationMetadataId":"d8fb0bf1-6379-4544-8201-87fff0d50bd1"},"type":"Scope"}}},"expression":{"startsWith":["@items('Aplicar_a_cada_uno_Desarrollo_Organizacional')?['Estado']","COMPLETO"]},"metadata":{"operationMetadataId":"726ac0f0-5077-4b01-be03-70d6ed5aacd9"},"type":"If"}},"runAfter":{"Retraso":["Succeeded"]},"metadata":{"operationMetadataId":"c25ef8c3-a090-4e58-83ca-e2864fb84f9b"},"type":"Foreach"}},"description":"Bot que se ejecuta de manera recurrente para leer la información llenada en la plantilla del archivo de excel y pasa dicha información al origen de datos que se encuentra en excel"},"connectionReferences":{"shared_excelonlinebusiness_1":{"connectionName":"shared-excelonlinebu-88221fb7-84dd-4eac-be15-e697affa73b3","source":"Embedded","id":"/providers/Microsoft.PowerApps/apis/shared_excelonlinebusiness","tier":"NotSpecified"},"shared_onedriveforbusiness":{"connectionName":"60ac87f39e6f4c12b95f613d32fb45b6","source":"Embedded","id":"/providers/Microsoft.PowerApps/apis/shared_onedriveforbusiness","tier":"NotSpecified"}},"flowFailureAlertSubscribed":false,"isManaged":false}}