{"name":"fcf3542a-9ca3-4a2a-8010-9ebf76b1d54b","id":"/providers/Microsoft.Flow/flows/fcf3542a-9ca3-4a2a-8010-9ebf76b1d54b","type":"Microsoft.Flow/flows","properties":{"apiId":"/providers/Microsoft.PowerApps/apis/shared_logicflows","displayName":"Copy of - Valoracion 360 - Envios de Correos Final","definition":{"metadata":{"workflowEntityId":null,"processAdvisorMetadata":null,"flowChargedByPaygo":null,"flowclientsuspensionreason":"None","flowclientsuspensiontime":null,"flowclientsuspensionreasondetails":null,"creator":{"id":"cf999034-e3c2-41fe-a9b6-90ef2e3f5c48","type":"User","tenantId":"d6a2ecba-dd2a-4f0c-a632-6798e31995bb"},"provisioningMethod":"FromDefinition","failureAlertSubscription":true,"clientLastModifiedTime":"2024-07-22T18:37:47.3727274Z","connectionKeySavedTimeKey":"2024-07-22T18:37:47.3727274Z"},"$schema":"https://schema.management.azure.com/providers/Microsoft.Logic/schemas/2016-06-01/workflowdefinition.json#","contentVersion":"1.0.0.0","parameters":{"$connections":{"defaultValue":{},"type":"Object"},"$authentication":{"defaultValue":{},"type":"SecureObject"}},"triggers":{"Recurrence":{"recurrence":{"frequency":"Day","interval":1,"timeZone":"SA Pacific Standard Time","startTime":"2022-08-16T09:00:00.000Z","schedule":{"hours":["9","14","18"]}},"metadata":{"operationMetadataId":"ad9b50ea-e811-43a1-b483-1843e130c454"},"type":"Recurrence"}},"actions":{"Enumerar_las_filas_filtradas_por_estado_-_APRO":{"runAfter":{"FechaActual":["Succeeded"]},"metadata":{"01WJMIVXYU2VYONPUM7RCKYRLKDOFREG7O":"/Selección-MVP/EnvioCorreos-MVP.xlsx","operationMetadataId":"59e4aa82-3516-4aa5-8419-8a2713e453b2","tableId":"{00000000-000C-0000-FFFF-FFFF0A000000}","01WJMIVX4KD6YCBSZBUBFLPULAF73DTGXL":"/Selección MVP - Plan Carrera/PlanCarrera.xlsx","01WJMIVX4TPGAK7A7MA5GLZZBUXNDGWGH2":"/Seleccion MVP - Plan Carrera/PlanCarrera.xlsx","01ER4TYAYFJOIHYAIPSFAYZQDNEVCLIJHZ":"/Valoracion 360/Seleccion MVP - Plan Talento/Plan_Talento.xlsx","01ER4TYA5ETMUQPIWPDZALINZAUZPZ56M3":"/Valoracion 360/Seleccion MVP - Plan Talento/Plan_Talento.xlsx","01ER4TYA5GTMVOOEDJB5FJORG4S7ZP7Z3D":"/Valoracion 360/Seleccion MVP - Plan Talento/Plan_Talento.xlsx","01ER4TYA4V5EBHATQNOBAKBUUANV4QUYBB":"/Valoracion 360/Seleccion MVP - Plan Talento/Plan_Talento-Copia.xlsx","01ER4TYA4U4JRYT7NWN5G3O3OS53NLV2RK":"/Valoracion 360/Seleccion MVP - Plan Talento/Plan_Talento.xlsx"},"type":"OpenApiConnection","inputs":{"host":{"apiId":"/providers/Microsoft.PowerApps/apis/shared_excelonlinebusiness","connectionName":"shared_excelonlinebusiness","operationId":"GetItems"},"parameters":{"source":"me","drive":"b!214-VVQAF0KOwwCog90bNCVotCkVLNtGtS0t9CuNf3krnXfdbYLbSoWI_5AmPGqE","file":"01ER4TYA4U4JRYT7NWN5G3O3OS53NLV2RK","table":"{00000000-000C-0000-FFFF-FFFF0A000000}","$filter":"Estado eq 'PENDIENTE'"},"authentication":"@parameters('$authentication')"},"runtimeConfiguration":{"paginationPolicy":{"minimumItemCount":5000}}},"Enumerar_las_filas_filtradas_por_estado_-_NOAPRO":{"runAfter":{"FechaActual":["Succeeded"]},"metadata":{"01WJMIVXYU2VYONPUM7RCKYRLKDOFREG7O":"/Selección-MVP/EnvioCorreos-MVP.xlsx","operationMetadataId":"1d8f6af5-1f9b-4c2b-907d-2f6cd9d55eb8","tableId":"{00000000-000C-0000-FFFF-FFFF09000000}","01WJMIVX4KD6YCBSZBUBFLPULAF73DTGXL":"/Selección MVP - Plan Carrera/PlanCarrera.xlsx","01WJMIVX4TPGAK7A7MA5GLZZBUXNDGWGH2":"/Seleccion MVP - Plan Carrera/PlanCarrera.xlsx","01ER4TYAYFJOIHYAIPSFAYZQDNEVCLIJHZ":"/Valoracion 360/Seleccion MVP - Plan Talento/Plan_Talento.xlsx","01ER4TYA5ETMUQPIWPDZALINZAUZPZ56M3":"/Valoracion 360/Seleccion MVP - Plan Talento/Plan_Talento.xlsx","01ER4TYA5GTMVOOEDJB5FJORG4S7ZP7Z3D":"/Valoracion 360/Seleccion MVP - Plan Talento/Plan_Talento.xlsx","01ER4TYA4V5EBHATQNOBAKBUUANV4QUYBB":"/Valoracion 360/Seleccion MVP - Plan Talento/Plan_Talento-Copia.xlsx","01ER4TYA4U4JRYT7NWN5G3O3OS53NLV2RK":"/Valoracion 360/Seleccion MVP - Plan Talento/Plan_Talento.xlsx"},"type":"OpenApiConnection","inputs":{"host":{"apiId":"/providers/Microsoft.PowerApps/apis/shared_excelonlinebusiness","connectionName":"shared_excelonlinebusiness","operationId":"GetItems"},"parameters":{"source":"me","drive":"b!214-VVQAF0KOwwCog90bNCVotCkVLNtGtS0t9CuNf3krnXfdbYLbSoWI_5AmPGqE","file":"01ER4TYA4U4JRYT7NWN5G3O3OS53NLV2RK","table":"{00000000-000C-0000-FFFF-FFFF09000000}","$filter":"Estado eq 'PENDIENTE'"},"authentication":"@parameters('$authentication')"}},"Hora_actual":{"runAfter":{},"metadata":{"operationMetadataId":"c80a3957-6527-4339-a25a-24774a59d05f"},"type":"Expression","kind":"CurrentTime","inputs":{}},"Convertir_la_zona_horaria":{"runAfter":{"Hora_actual":["Succeeded"]},"metadata":{"operationMetadataId":"5d472a31-4a60-4807-b5c7-48dedcade2ad"},"type":"Expression","kind":"ConvertTimeZone","inputs":{"baseTime":"@body('Hora_actual')","formatString":"g","sourceTimeZone":"SA Pacific Standard Time","destinationTimeZone":"SA Pacific Standard Time"}},"Meses":{"runAfter":{"Convertir_la_zona_horaria":["Succeeded"]},"metadata":{"operationMetadataId":"bb281a16-b2cb-4eed-85fb-b5a7e24d01fa"},"type":"InitializeVariable","inputs":{"variables":[{"name":"Mes","type":"object","value":{"January":"Enero","February":"Febrero","March":"Marzo","April":"Abril","May":"Mayo","June":"Junio","July":"Julio","August":"Agosto","September":"Septiembre","October":"Octubre","November":"Noviembre","December":"Diciembre"}}]}},"FechaSinAjustes":{"runAfter":{"Meses":["Succeeded"]},"metadata":{"operationMetadataId":"9c3759ae-9987-4cf2-843f-d0a4a0b803b0"},"type":"InitializeVariable","inputs":{"variables":[{"name":"Fecha","type":"string","value":"@{concat(utcNow('dd'), ' de ', '#', utcNow('MMMM'), '#', ' del ', utcNow('yyyy'))}"}]}},"IndexOf":{"runAfter":{"FechaSinAjustes":["Succeeded"]},"metadata":{"operationMetadataId":"a1703ba1-b838-4842-aaac-a5e4989db212"},"type":"Compose","inputs":"@add(int(indexOf(variables('Fecha'), '#')), 1)"},"Last_IndexOf":{"runAfter":{"IndexOf":["Succeeded"]},"metadata":{"operationMetadataId":"7dd5d4ef-85f5-4dab-b8be-30d01a228676"},"type":"Compose","inputs":"@int(lastIndexOf(variables('Fecha'), '#'))"},"numeroCaracteres":{"runAfter":{"Last_IndexOf":["Succeeded"]},"metadata":{"operationMetadataId":"6f62d4bb-5d2d-4dbd-a196-44e26b31233e"},"type":"Compose","inputs":"@sub(outputs('Last_IndexOf'), outputs('IndexOf'))"},"mesIngles":{"runAfter":{"numeroCaracteres":["Succeeded"]},"metadata":{"operationMetadataId":"b4c02325-e0ce-4205-aba6-a55b9a698539"},"type":"Compose","inputs":"@substring(variables('Fecha'), outputs('IndexOf'), outputs('numeroCaracteres'))"},"mesEspañol":{"runAfter":{"mesIngles":["Succeeded"]},"metadata":{"operationMetadataId":"9647fd67-d6d9-463c-949b-d955d2ac1047"},"type":"Compose","inputs":"@variables('Mes')[outputs('mesIngles')]"},"FechaParaCorreos":{"runAfter":{"mesEspañol":["Succeeded"]},"metadata":{"operationMetadataId":"94157b89-e467-4c6b-b70d-50429cbd4c2e"},"type":"InitializeVariable","inputs":{"variables":[{"name":"FechaCorreo","type":"string","value":"@{concat(utcNow('dd'), ' de ', outputs('mesEspañol'), ' del ', utcNow('yyyy'))}"}]}},"FechaActual":{"runAfter":{"FechaParaCorreos":["Succeeded"]},"metadata":{"operationMetadataId":"bba452fe-8c01-4c4b-8ad0-2842875ae61c"},"type":"InitializeVariable","inputs":{"variables":[{"name":"FechaActual","type":"string","value":"@{utcNow('dd/MM/yyyy')}"}]}},"Aplicar_a_cada_uno":{"foreach":"@outputs('Enumerar_las_filas_filtradas_por_estado_-_APRO')?['body/value']","actions":{"Condición":{"actions":{},"runAfter":{},"else":{"actions":{"Condición_2":{"actions":{"Enviar_correo_electrónico_al_Postulante_Agradecimiento":{"runAfter":{},"metadata":{"operationMetadataId":"fdbed13a-618f-413f-9111-e7647bc536f4"},"type":"OpenApiConnection","inputs":{"host":{"apiId":"/providers/Microsoft.PowerApps/apis/shared_office365","connectionName":"shared_office365","operationId":"SendEmailV2"},"parameters":{"emailMessage/To":"@items('Aplicar_a_cada_uno')?['Correo']","emailMessage/Subject":"Carta de Agradecimiento – Proceso de Plan Talento.","emailMessage/Body":"<p>¡Hola @{items('Aplicar_a_cada_uno')?['Nombre de quien solicita']}!<br>\n<br>\nEn Grupo Réditos reconocemos y agradecemos tu motivación para seguir creciendo junto con nosotros; valoramos tu talento y toda la magia que tienes para ofrecernos. Es por esto por lo que valoramos tu interés y disposición de participar del proceso interno para el cargo de “@{items('Aplicar_a_cada_uno')?['Cargo a solicitar']}”.<br>\n<br>\nHoy queremos informarte que, de acuerdo con la valoración realizada y a las validaciones pertinentes del proceso de selección, en esta ocasión no fuiste la persona seleccionada para ocupar dicho cargo, pero queremos invitarte a reconocerte y sentirte orgullos@ de lo que has logrado y los retos que has superado con tu pasión y magia.<br>\n<br>\nTe invitamos a que sigas dejando huella en lo que haces y deseamos verte en una próxima oportunidad.<br>\n<br>\n¡Mil gracias por tu tiempo!<br>\n<br>\n<strong>*Este es un correo que se envía automáticamente, por favor no responder.</strong><br>\n</p>\n<p style=\"text-align: center;\">\n<img src=\"https://www.gruporeditos.com/wp-content/uploads/2024/07/FIRMA-PLAN-TALENTO-768x155.jpg\" width=\"800\" height=\"auto\">\n</p>","emailMessage/From":"correo.automatizacion@gruporeditos.com","emailMessage/Importance":"Normal"},"authentication":"@parameters('$authentication')"}},"Actualizar_una_fila_2":{"runAfter":{"Enviar_correo_electrónico_al_Postulante_Agradecimiento":["Succeeded"]},"metadata":{"01ER4TYA5ETMUQPIWPDZALINZAUZPZ56M3":"/Valoracion 360/Seleccion MVP - Plan Talento/Plan_Talento.xlsx","operationMetadataId":"f675fbbb-86a5-4752-9eac-debbd2dd4a00","tableId":"{00000000-000C-0000-FFFF-FFFF0A000000}","01ER4TYA5GTMVOOEDJB5FJORG4S7ZP7Z3D":"/Valoracion 360/Seleccion MVP - Plan Talento/Plan_Talento.xlsx","01ER4TYA4V5EBHATQNOBAKBUUANV4QUYBB":"/Valoracion 360/Seleccion MVP - Plan Talento/Plan_Talento-Copia.xlsx","01ER4TYA4U4JRYT7NWN5G3O3OS53NLV2RK":"/Valoracion 360/Seleccion MVP - Plan Talento/Plan_Talento.xlsx"},"type":"OpenApiConnection","inputs":{"host":{"apiId":"/providers/Microsoft.PowerApps/apis/shared_excelonlinebusiness","connectionName":"shared_excelonlinebusiness_1","operationId":"PatchItem"},"parameters":{"source":"me","drive":"b!214-VVQAF0KOwwCog90bNCVotCkVLNtGtS0t9CuNf3krnXfdbYLbSoWI_5AmPGqE","file":"01ER4TYA4U4JRYT7NWN5G3O3OS53NLV2RK","table":"{00000000-000C-0000-FFFF-FFFF0A000000}","idColumn":"Id","id":"@items('Aplicar_a_cada_uno')?['Id']","item/Estado":"ENVIADO","item/Fecha Envio":"@body('Convertir_la_zona_horaria')"},"authentication":"@parameters('$authentication')"}}},"runAfter":{},"expression":{"and":[{"startsWith":["@items('Aplicar_a_cada_uno')?['Persona_Seleccionada_Cargo']","NO SELECCIONADO"]},{"startsWith":["@items('Aplicar_a_cada_uno')?['Estado']","PENDIENTE"]}]},"metadata":{"operationMetadataId":"0358226f-3c0b-46c7-9a94-5a43782fe461"},"type":"If"}}},"expression":{"and":[{"startsWith":["@items('Aplicar_a_cada_uno')?['Persona_Seleccionada_Cargo']","SELECCIONADO"]},{"startsWith":["@items('Aplicar_a_cada_uno')?['Estado']","PENDIENTE"]}]},"metadata":{"operationMetadataId":"4d64d8de-a12d-4c8e-a841-3568e7db9219"},"type":"If"}},"runAfter":{"Retraso":["Succeeded"]},"metadata":{"operationMetadataId":"e145d617-e466-4bab-8d93-db344c0291ea"},"type":"Foreach"},"Aplicar_a_cada_uno_2":{"foreach":"@outputs('Enumerar_las_filas_filtradas_por_estado_-_NOAPRO')?['body/value']","actions":{"Condición_3":{"actions":{"Actualizar_una_fila_3":{"runAfter":{"Enviar_correo_electrónico_al_Postulante_Agradecimiento_2":["Succeeded"]},"metadata":{"01ER4TYA5ETMUQPIWPDZALINZAUZPZ56M3":"/Valoracion 360/Seleccion MVP - Plan Talento/Plan_Talento.xlsx","operationMetadataId":"f675fbbb-86a5-4752-9eac-debbd2dd4a00","tableId":"{00000000-000C-0000-FFFF-FFFF09000000}","01ER4TYA5GTMVOOEDJB5FJORG4S7ZP7Z3D":"/Valoracion 360/Seleccion MVP - Plan Talento/Plan_Talento.xlsx","01ER4TYA4V5EBHATQNOBAKBUUANV4QUYBB":"/Valoracion 360/Seleccion MVP - Plan Talento/Plan_Talento-Copia.xlsx","01ER4TYA4U4JRYT7NWN5G3O3OS53NLV2RK":"/Valoracion 360/Seleccion MVP - Plan Talento/Plan_Talento.xlsx"},"type":"OpenApiConnection","inputs":{"host":{"apiId":"/providers/Microsoft.PowerApps/apis/shared_excelonlinebusiness","connectionName":"shared_excelonlinebusiness_1","operationId":"PatchItem"},"parameters":{"source":"me","drive":"b!214-VVQAF0KOwwCog90bNCVotCkVLNtGtS0t9CuNf3krnXfdbYLbSoWI_5AmPGqE","file":"01ER4TYA4U4JRYT7NWN5G3O3OS53NLV2RK","table":"{00000000-000C-0000-FFFF-FFFF09000000}","idColumn":"Id","id":"@items('Aplicar_a_cada_uno_2')?['Id']","item/Estado":"ENVIADO","item/Fecha Envio":"@body('Convertir_la_zona_horaria')"},"authentication":"@parameters('$authentication')"}},"Enviar_correo_electrónico_al_Postulante_Agradecimiento_2":{"runAfter":{},"metadata":{"operationMetadataId":"fdbed13a-618f-413f-9111-e7647bc536f4"},"type":"OpenApiConnection","inputs":{"host":{"apiId":"/providers/Microsoft.PowerApps/apis/shared_office365","connectionName":"shared_office365","operationId":"SendEmailV2"},"parameters":{"emailMessage/To":"@items('Aplicar_a_cada_uno_2')?['Correo']","emailMessage/Subject":"Carta de Agradecimiento – Proceso de Plan Talento.","emailMessage/Body":"<p>¡Hola @{items('Aplicar_a_cada_uno_2')?['Nombre de quien solicita']}!<br>\n<br>\nEn Grupo Réditos reconocemos y agradecemos tu motivación para seguir creciendo junto con nosotros; valoramos tu talento y toda la magia que tienes para ofrecernos. Es por esto por lo que valoramos tu interés y disposición de participar del proceso interno para el cargo de “@{items('Aplicar_a_cada_uno_2')?['Cargo a solicitar']}”.<br>\n<br>\nHoy queremos informarte que, de acuerdo con la valoración realizada y a las validaciones pertinentes del proceso de selección, en esta ocasión no fuiste la persona seleccionada para ocupar dicho cargo, pero queremos invitarte a reconocerte y sentirte orgullos@ de lo que has logrado y los retos que has superado con tu pasión y magia.<br>\n<br>\nTe invitamos a que sigas dejando huella en lo que haces y deseamos verte en una próxima oportunidad.<br>\n<br>\n¡Mil gracias por tu tiempo!<br>\n<br>\n<strong>*Este es un correo que se envía automáticamente, por favor no responder.</strong><br>\n</p>\n<p style=\"text-align: center;\">\n<img src=\"https://www.gruporeditos.com/wp-content/uploads/2024/07/FIRMA-PLAN-TALENTO-768x155.jpg\" width=\"800\" height=\"auto\">\n</p>","emailMessage/From":"correo.automatizacion@gruporeditos.com","emailMessage/Importance":"Normal"},"authentication":"@parameters('$authentication')"}}},"runAfter":{},"expression":{"startsWith":["@items('Aplicar_a_cada_uno_2')?['Estado']","PENDIENTE"]},"metadata":{"operationMetadataId":"2063a7b3-c925-4a8f-a495-d047bcc78012"},"type":"If"}},"runAfter":{"Retraso_2":["Succeeded"]},"metadata":{"operationMetadataId":"8ff2a01e-01a3-46cf-b6ca-354757181e18"},"type":"Foreach"},"Retraso":{"runAfter":{"Enumerar_las_filas_filtradas_por_estado_-_APRO":["Succeeded"]},"metadata":{"operationMetadataId":"d065134a-cd36-4730-b03b-cd4dddd48c04"},"type":"Wait","inputs":{"interval":{"count":10,"unit":"Second"}}},"Retraso_2":{"runAfter":{"Enumerar_las_filas_filtradas_por_estado_-_NOAPRO":["Succeeded"]},"metadata":{"operationMetadataId":"56bc71a6-7941-4351-b23e-878d90a8a752"},"type":"Wait","inputs":{"interval":{"count":10,"unit":"Second"}}}},"description":"Este bot envía los correos correspondientes (ya sea carta de continuidad o carta de agradecimiento) a cada una de las personas que se encuentran en la  ListaAprobados o ListaNoAprobados que se encuentra en el origen de datos PlanCarrera"},"connectionReferences":{"shared_excelonlinebusiness":{"connectionName":"shared-excelonlinebu-88221fb7-84dd-4eac-be15-e697affa73b3","source":"Embedded","id":"/providers/Microsoft.PowerApps/apis/shared_excelonlinebusiness","tier":"NotSpecified"},"shared_office365":{"connectionName":"shared-office365-3bc666e1-692b-4abb-a710-529dabe7cd43","source":"Embedded","id":"/providers/Microsoft.PowerApps/apis/shared_office365","tier":"NotSpecified"},"shared_excelonlinebusiness_1":{"connectionName":"shared-excelonlinebu-88221fb7-84dd-4eac-be15-e697affa73b3","source":"Embedded","id":"/providers/Microsoft.PowerApps/apis/shared_excelonlinebusiness","tier":"NotSpecified"}},"flowFailureAlertSubscribed":false,"isManaged":false}}