{"name":"f8c71dda-4f13-41fb-832b-a736002f6585","id":"/providers/Microsoft.Flow/flows/f8c71dda-4f13-41fb-832b-a736002f6585","type":"Microsoft.Flow/flows","properties":{"apiId":"/providers/Microsoft.PowerApps/apis/shared_logicflows","displayName":"Copy of - Valoracion 360 - Guardar informacion de DO en  Sharepoint - 2","definition":{"metadata":{"workflowEntityId":null,"processAdvisorMetadata":null,"flowChargedByPaygo":null,"flowclientsuspensionreason":"None","flowclientsuspensiontime":null,"flowclientsuspensionreasondetails":null,"creator":{"id":"cf999034-e3c2-41fe-a9b6-90ef2e3f5c48","type":"User","tenantId":"d6a2ecba-dd2a-4f0c-a632-6798e31995bb"},"provisioningMethod":"FromDefinition","failureAlertSubscription":true,"clientLastModifiedTime":"2024-07-22T18:43:04.1405944Z","connectionKeySavedTimeKey":"2024-07-22T18:43:04.1405944Z"},"$schema":"https://schema.management.azure.com/providers/Microsoft.Logic/schemas/2016-06-01/workflowdefinition.json#","contentVersion":"1.0.0.0","parameters":{"$connections":{"defaultValue":{},"type":"Object"},"$authentication":{"defaultValue":{},"type":"SecureObject"}},"triggers":{"Recurrence":{"recurrence":{"frequency":"Day","interval":1,"timeZone":"SA Pacific Standard Time","startTime":"2022-09-06T07:00:00.000Z","schedule":{"hours":["16"],"minutes":[10]}},"metadata":{"operationMetadataId":"6a36aab3-c732-40b3-928a-05a0faabf879"},"type":"Recurrence"}},"actions":{"Enumerar_las_filas_Desarrollo_Organizacional":{"runAfter":{},"metadata":{"01WJMIVX54N74MDTTEDBBLMQTU5E4G4RCM":"/Desarrollo Organizacional/Desarrollo_Organizacional.xlsx","operationMetadataId":"7e8ca05b-f628-4a95-9255-9c5538ad1b06","tableId":"{00000000-000C-0000-FFFF-FFFF00000000}","01ER4TYA2KOTWJ3Y7MMVDLBWENDZCEHUHC":"/Valoracion 360/Desarrollo Humano/Desarrollo_Humano.xlsx","01ER4TYA5XSWFMYM63AFHLUCTGKX7RZ7ES":"/Valoracion 360/Desarrollo Humano/Desarrollo_Humano-Copia.xlsx","01ER4TYA766JUBSFOBBRHIMIP57A2IY662":"/Valoracion 360/Desarrollo Humano/Desarrollo_Humano-Copia.xlsx","01ER4TYAYOOKENQJD7VNDYAAQW5TL3CNYG":"/Valoracion 360/Desarrollo Humano/Desarrollo_Humano.xlsx"},"type":"OpenApiConnection","inputs":{"host":{"apiId":"/providers/Microsoft.PowerApps/apis/shared_excelonlinebusiness","connectionName":"shared_excelonlinebusiness","operationId":"GetItems"},"parameters":{"source":"me","drive":"b!214-VVQAF0KOwwCog90bNCVotCkVLNtGtS0t9CuNf3krnXfdbYLbSoWI_5AmPGqE","file":"01ER4TYAYOOKENQJD7VNDYAAQW5TL3CNYG","table":"{00000000-000C-0000-FFFF-FFFF00000000}"},"authentication":"@parameters('$authentication')"}},"Retraso":{"runAfter":{"Enumerar_las_filas_Desarrollo_Organizacional":["Succeeded"]},"metadata":{"operationMetadataId":"03816587-3be7-47a1-8e0a-f253b7042b19"},"type":"Wait","inputs":{"interval":{"count":10,"unit":"Second"}}},"Aplicacion_de_cada_uno_de_la_lista_de_DO":{"foreach":"@outputs('Enumerar_las_filas_Desarrollo_Organizacional')?['body/value']","actions":{"Condition":{"actions":{"Aplicar_a_Cada_Uno":{"foreach":"@outputs('Enumerar_las_filas_Desarrollo_Organizacional')?['body/value']","actions":{"Try_Catch_Sharepoint":{"actions":{"Crear_elemento_en_lista_DO":{"runAfter":{},"metadata":{"operationMetadataId":"3d130d51-8ad1-454a-8ca5-faff283f13a3"},"type":"OpenApiConnection","inputs":{"host":{"apiId":"/providers/Microsoft.PowerApps/apis/shared_sharepointonline","connectionName":"shared_sharepointonline_1","operationId":"PostItem"},"parameters":{"dataset":"https://ganasa.sharepoint.com/sites/DesarrolloOrganizacional","table":"0bcd5fe0-3ec4-4e78-8bff-b4b75186aea5","item/Title":"@items('Aplicar_a_Cada_Uno')?['Nombre completo']","item/Identificador":"@items('Aplicar_a_Cada_Uno')?['Id']","item/C_x00e9_dula":"@items('Aplicar_a_Cada_Uno')?['Cédula']","item/N_x00fa_merodecontacto":"@items('Aplicar_a_Cada_Uno')?['Número de contacto']","item/Cargoactual":"@items('Aplicar_a_Cada_Uno')?['Cargo actual']","item/Oficina":"@items('Aplicar_a_Cada_Uno')?['Oficina']","item/Zona":"@items('Aplicar_a_Cada_Uno')?['Zona']","item/Empresa":"@items('Aplicar_a_Cada_Uno')?['Empresa']","item/LiderNuevoCargo":"@items('Aplicar_a_Cada_Uno')?['Lider Nuevo Cargo']","item/CorreodeLiderNuevoCargo":"@items('Aplicar_a_Cada_Uno')?['Correo Nuevo Lider']","item/Proceso":"@items('Aplicar_a_Cada_Uno')?['Proceso']","item/FechaCambioCargo":"@utcNow('yyyy-MM-dd')","item/Correoelectr_x00f3_nico":"@items('Aplicar_a_Cada_Uno')?['Correo electrónico ']","item/Cargovacante":"@items('Aplicar_a_Cada_Uno')?['Cargo vacante']","item/Nombredellider":"@items('Aplicar_a_Cada_Uno')?['Nombre del lider Actual']","item/Competenciasadesarrollar":"@items('Aplicar_a_Cada_Uno')?['Competencias a desarrollar']","item/Adherenciaalperfil":"@items('Aplicar_a_Cada_Uno')?['Puntaje de la Competencia']","item/Estado":"ABIERTO"},"authentication":"@parameters('$authentication')"}},"Actualizar_Desarrollo_Organizacional_-_Habilitado_2":{"runAfter":{"Crear_elemento_en_lista_DO":["Succeeded"]},"metadata":{"01WJMIVX54N74MDTTEDBBLMQTU5E4G4RCM":"/Desarrollo Organizacional/Desarrollo_Organizacional.xlsx","operationMetadataId":"b991d63c-558b-4078-a1e0-d4b777658adf","tableId":"DO","01ER4TYA2KOTWJ3Y7MMVDLBWENDZCEHUHC":"/Valoracion 360/Desarrollo Humano/Desarrollo_Humano.xlsx","01ER4TYA5XSWFMYM63AFHLUCTGKX7RZ7ES":"/Valoracion 360/Desarrollo Humano/Desarrollo_Humano-Copia.xlsx","01ER4TYA766JUBSFOBBRHIMIP57A2IY662":"/Valoracion 360/Desarrollo Humano/Desarrollo_Humano-Copia.xlsx","01ER4TYAYOOKENQJD7VNDYAAQW5TL3CNYG":"/Valoracion 360/Desarrollo Humano/Desarrollo_Humano.xlsx"},"type":"OpenApiConnection","inputs":{"host":{"apiId":"/providers/Microsoft.PowerApps/apis/shared_excelonlinebusiness","connectionName":"shared_excelonlinebusiness","operationId":"PatchItem"},"parameters":{"source":"me","drive":"b!214-VVQAF0KOwwCog90bNCVotCkVLNtGtS0t9CuNf3krnXfdbYLbSoWI_5AmPGqE","file":"01ER4TYAYOOKENQJD7VNDYAAQW5TL3CNYG","table":"DO","idColumn":"Id","id":"@items('Aplicar_a_Cada_Uno')?['Id']","item/Id":"@items('Aplicar_a_Cada_Uno')?['Id']","item/Habilitado":"ABIERTO","item/Automatizacion":"ESPERA"},"authentication":"@parameters('$authentication')"}},"Enviar_correo_electrónico_(V2)_2":{"runAfter":{"Actualizar_Desarrollo_Organizacional_-_Habilitado_2":["Succeeded"]},"metadata":{"operationMetadataId":"a64b82c0-f9ab-4e80-bd17-5297cf98e9e3"},"type":"OpenApiConnection","inputs":{"host":{"apiId":"/providers/Microsoft.PowerApps/apis/shared_office365","connectionName":"shared_office365","operationId":"SendEmailV2"},"parameters":{"emailMessage/To":"luisa.quintana@gruporeditos.com","emailMessage/Subject":"Nuevo Seleccionado","emailMessage/Body":"<p>Cordial Saludo,<br>\n<br>\nEste correo es con el fin de informarle que hay un nuevo seleccionado<br>\n<strong></strong><strong>@{outputs('Actualizar_Desarrollo_Organizacional_-_Habilitado_2')?['body/Nombre completo']}</strong><strong></strong>&nbsp;está habilitado en la aplicación. Por lo que es necesario que ingrese en la misma para poder dar las observaciones pertinentes.<br>\n<br>\nMil gracias.<br>\n<br>\n<em><strong>¡Este es un correo que se envía automáticamente, por favor no responder!</strong></em><br>\n</p>","emailMessage/From":"correo.automatizacion@gruporeditos.com","emailMessage/Importance":"Normal"},"authentication":"@parameters('$authentication')"}}},"runAfter":{},"metadata":{"operationMetadataId":"0d171877-6b5a-41d7-8d10-c138d2ddb5cf"},"type":"Scope"},"Manejado_Excepción":{"actions":{},"runAfter":{"Try_Catch_Sharepoint":["Failed","Skipped","TimedOut"]},"metadata":{"operationMetadataId":"603a7f2c-f65d-4346-8875-c2d2a29b79bc"},"type":"Scope"}},"runAfter":{},"metadata":{"operationMetadataId":"5e51b637-830d-4f8e-9b3e-5aa3bd8b4a33"},"type":"Foreach"}},"runAfter":{},"expression":{"and":[{"startsWith":["@items('Aplicacion_de_cada_uno_de_la_lista_de_DO')?['Estado']","COMPLETO"]},{"startsWith":["@items('Aplicacion_de_cada_uno_de_la_lista_de_DO')?['Automatizacion']","PENDIENTE"]}]},"metadata":{"operationMetadataId":"6acd616b-dd8b-412b-af38-dd86d1bbf104"},"type":"If"}},"runAfter":{"Retraso":["Succeeded"]},"metadata":{"operationMetadataId":"b455fa84-0189-4354-b895-187de4e82e34"},"type":"Foreach"}},"description":"Bot que se ejecuta de manera recurrente, encargado de leer la información de los seleccionados en el origen de datos de DO y llevarlos a un sharepoint para que dicha información pueda aparecer en la aplicación y posterior a ello envía un correo a DO"},"connectionReferences":{"shared_excelonlinebusiness":{"connectionName":"shared-excelonlinebu-88221fb7-84dd-4eac-be15-e697affa73b3","source":"Embedded","id":"/providers/Microsoft.PowerApps/apis/shared_excelonlinebusiness","tier":"NotSpecified"},"shared_sharepointonline_1":{"connectionName":"shared-sharepointonl-ae9a7a6a-01fd-437a-a990-8fff31f7a664","source":"Embedded","id":"/providers/Microsoft.PowerApps/apis/shared_sharepointonline","tier":"NotSpecified"},"shared_office365":{"connectionName":"shared-office365-3bc666e1-692b-4abb-a710-529dabe7cd43","source":"Embedded","id":"/providers/Microsoft.PowerApps/apis/shared_office365","tier":"NotSpecified"}},"flowFailureAlertSubscribed":false,"isManaged":false}}